regionID,constellationID,constellationName,x,y,z,xMin,xMax,yMin,yMax,zMin,zMax,factionID,radius
10000001,20000001,San Matar,0,0,0,0,0,0,0,0,0,500007,0
10000001,20000002,Anares,0,0,0,0,0,0,0,0,0,500007,0
10000001,20000003,Mamouna,0,0,0,0,0,0,0,0,0,500007,0
10000001,20000004,Kalangin,0,0,0,0,0,0,0,0,0,500007,0
10000001,20000005,Hevaka,0,0,0,0,0,0,0,0,0,500007,0
10000001,20000006,Sazdih,0,0,0,0,0,0,0,0,0,500007,0
10000001,20000007,Ananah,0,0,0,0,0,0,0,0,0,500007,0
10000001,20000008,Mossas,0,0,0,0,0,0,0,0,0,500007,0
10000001,20000009,Mekashtad,0,0,0,0,0,0,0,0,0,500007,0
10000001,20000010,Bedaleya,0,0,0,0,0,0,0,0,0,500007,0
10000001,20000011,Orshed,0,0,0,0,0,0,0,0,0,500007,0
10000001,20000012,Oraron,0,0,0,0,0,0,0,0,0,500007,0
10000001,20000013,Aguh,0,0,0,0,0,0,0,0,0,500007,0
10000001,20000014,Mal,0,0,0,0,0,0,0,0,0,500007,0
10000001,20000015,Subi,0,0,0,0,0,0,0,0,0,500007,0
10000001,20000016,Joas,0,0,0,0,0,0,0,0,0,500007,0
10000002,20000017,Ruomo,0,0,0,0,0,0,0,0,0,500001,0
10000002,20000018,Anttanen,0,0,0,0,0,0,0,0,0,500001,0
10000002,20000019,Ihilakken,0,0,0,0,0,0,0,0,0,500001,0
10000002,20000020,Kimotoro,0,0,0,0,0,0,0,0,0,500001,0
10000002,20000021,Okomon,0,0,0,0,0,0,0,0,0,500001,0
10000002,20000022,Onirvura,0,0,0,0,0,0,0,0,0,500001,0
10000002,20000023,Ihatalo,0,0,0,0,0,0,0,0,0,500001,0
10000002,20000024,Okkelen,0,0,0,0,0,0,0,0,0,500001,0
10000002,20000025,Otsabaira,0,0,0,0,0,0,0,0,0,500001,0
10000002,20000026,Aulari,0,0,0,0,0,0,0,0,0,500001,0
10000002,20000027,Etsala,0,0,0,0,0,0,0,0,0,500001,0
10000002,20000028,Mivora,0,0,0,0,0,0,0,0,0,500001,0
10000002,20000029,Orpana,0,0,0,0,0,0,0,0,0,500001,0
10000003,20000030,U29-0S,0,0,0,0,0,0,0,0,0,None,0
10000003,20000031,BUG6-X,0,0,0,0,0,0,0,0,0,None,0
10000003,20000032,OSJ7-I,0,0,0,0,0,0,0,0,0,None,0
10000003,20000033,DMXN-3,0,0,0,0,0,0,0,0,0,None,0
10000003,20000034,I89-EP,0,0,0,0,0,0,0,0,0,None,0
10000003,20000035,Z-DO53,0,0,0,0,0,0,0,0,0,None,0
10000003,20000036,YUT3-U,0,0,0,0,0,0,0,0,0,None,0
10000003,20000037,5YHF-H,0,0,0,0,0,0,0,0,0,None,0
10000003,20000038,UK-MI6,0,0,0,0,0,0,0,0,0,None,0
10000003,20000039,YDS0-Y,0,0,0,0,0,0,0,0,0,None,0
10000003,20000040,A3-T8B,0,0,0,0,0,0,0,0,0,None,0
10000003,20000041,DILJ-7,0,0,0,0,0,0,0,0,0,None,0
10000003,20000042,0-8MWQ,0,0,0,0,0,0,0,0,0,None,0
10000003,20000043,F-V9QW,0,0,0,0,0,0,0,0,0,None,0
10000003,20000044,E-8CSQ,0,0,0,0,0,0,0,0,0,None,0
10000003,20000045,9KX-M0,0,0,0,0,0,0,0,0,0,None,0
10000003,20000046,88G-M4,0,0,0,0,0,0,0,0,0,None,0
10000004,20000047,L5-H1O,0,0,0,0,0,0,0,0,0,None,0
10000004,20000048,J-4QD7,0,0,0,0,0,0,0,0,0,None,0
10000004,20000049,LC-AQD,0,0,0,0,0,0,0,0,0,None,0
10000004,20000050,7PUP-K,0,0,0,0,0,0,0,0,0,None,0
10000004,20000051,V8UW-M,0,0,0,0,0,0,0,0,0,None,0
10000004,20000052,T7B-VB,0,0,0,0,0,0,0,0,0,None,0
10000004,20000053,B-PHYN,0,0,0,0,0,0,0,0,0,None,0
10000004,20000054,9RW5-Z,0,0,0,0,0,0,0,0,0,None,0
10000004,20000055,VL-OGL,0,0,0,0,0,0,0,0,0,None,0
10000004,20000056,VW-JMB,0,0,0,0,0,0,0,0,0,None,0
10000004,20000057,HN5-RL,0,0,0,0,0,0,0,0,0,None,0
10000004,20000058,RO-AZT,0,0,0,0,0,0,0,0,0,None,0
10000004,20000059,KCR-1E,0,0,0,0,0,0,0,0,0,None,0
10000004,20000060,FL-TD4,0,0,0,0,0,0,0,0,0,None,0
10000004,20000061,B-HLOG,0,0,0,0,0,0,0,0,0,None,0
10000004,20000062,0VFS-G,0,0,0,0,0,0,0,0,0,None,0
10000005,20000063,GJH-1C,0,0,0,0,0,0,0,0,0,None,0
10000005,20000064,RFQ-8Y,0,0,0,0,0,0,0,0,0,None,0
10000005,20000065,MZ-PA2,0,0,0,0,0,0,0,0,0,None,0
10000005,20000066,5F8-PZ,0,0,0,0,0,0,0,0,0,None,0
10000005,20000067,PR-ACX,0,0,0,0,0,0,0,0,0,None,0
10000005,20000068,5P4-QA,0,0,0,0,0,0,0,0,0,None,0
10000005,20000069,1RG-GU,0,0,0,0,0,0,0,0,0,None,0
10000005,20000070,ZPI-2E,0,0,0,0,0,0,0,0,0,None,0
10000005,20000071,D-95MV,0,0,0,0,0,0,0,0,0,None,0
10000005,20000072,3R-BJL,0,0,0,0,0,0,0,0,0,None,0
10000005,20000073,T875-C,0,0,0,0,0,0,0,0,0,None,0
10000005,20000074,4SRW-B,0,0,0,0,0,0,0,0,0,None,0
10000005,20000075,HOV-VI,0,0,0,0,0,0,0,0,0,None,0
10000005,20000076,NZU8-G,0,0,0,0,0,0,0,0,0,None,0
10000006,20000077,0FC-ZX,0,0,0,0,0,0,0,0,0,None,0
10000006,20000078,AC-RON,0,0,0,0,0,0,0,0,0,None,0
10000006,20000079,RF9-ZU,0,0,0,0,0,0,0,0,0,None,0
10000006,20000080,DJ-XCW,0,0,0,0,0,0,0,0,0,None,0
10000006,20000081,3GK-WS,0,0,0,0,0,0,0,0,0,None,0
10000006,20000082,5ZR-29,0,0,0,0,0,0,0,0,0,None,0
10000006,20000083,J-9M7D,0,0,0,0,0,0,0,0,0,None,0
10000006,20000084,R-M719,0,0,0,0,0,0,0,0,0,None,0
10000006,20000085,5Y1E-3,0,0,0,0,0,0,0,0,0,None,0
10000006,20000086,760-9C,0,0,0,0,0,0,0,0,0,None,0
10000006,20000087,4-QV2L,0,0,0,0,0,0,0,0,0,None,0
10000006,20000088,GU-JZ1,0,0,0,0,0,0,0,0,0,None,0
10000007,20000089,BVA-YH,0,0,0,0,0,0,0,0,0,None,0
10000007,20000090,VS-8P0,0,0,0,0,0,0,0,0,0,None,0
10000007,20000091,5HN-S5,0,0,0,0,0,0,0,0,0,None,0
10000007,20000092,Y-JSM8,0,0,0,0,0,0,0,0,0,None,0
10000007,20000093,VSC-W9,0,0,0,0,0,0,0,0,0,None,0
10000007,20000094,FQ-COP,0,0,0,0,0,0,0,0,0,None,0
10000007,20000095,MRC-29,0,0,0,0,0,0,0,0,0,None,0
10000008,20000096,51ZT-6,0,0,0,0,0,0,0,0,0,None,0
10000008,20000097,4YFT-F,0,0,0,0,0,0,0,0,0,None,0
10000008,20000098,P-I9PF,0,0,0,0,0,0,0,0,0,None,0
10000008,20000099,ENP-SH,0,0,0,0,0,0,0,0,0,None,0
10000008,20000100,Y-M7ML,0,0,0,0,0,0,0,0,0,None,0
10000008,20000101,QI1M-Q,0,0,0,0,0,0,0,0,0,None,0
10000008,20000102,7VJ-7M,0,0,0,0,0,0,0,0,0,None,0
10000008,20000103,02QH-A,0,0,0,0,0,0,0,0,0,None,0
10000008,20000104,WQZ8-4,0,0,0,0,0,0,0,0,0,None,0
10000008,20000105,DITJ-X,0,0,0,0,0,0,0,0,0,None,0
10000008,20000106,YCM-AI,0,0,0,0,0,0,0,0,0,None,0
10000008,20000107,CN5-F2,0,0,0,0,0,0,0,0,0,None,0
10000009,20000108,IV-LWJ,0,0,0,0,0,0,0,0,0,None,0
10000009,20000109,U-EUG7,0,0,0,0,0,0,0,0,0,None,0
10000009,20000110,E-95ID,0,0,0,0,0,0,0,0,0,None,0
10000009,20000111,8-4EFQ,0,0,0,0,0,0,0,0,0,None,0
10000009,20000112,Z-ONUI,0,0,0,0,0,0,0,0,0,None,0
10000009,20000113,QA-P7J,0,0,0,0,0,0,0,0,0,None,0
10000009,20000114,UR-HG4,0,0,0,0,0,0,0,0,0,None,0
10000009,20000115,0YMH-Q,0,0,0,0,0,0,0,0,0,None,0
10000009,20000116,0EA3-8,0,0,0,0,0,0,0,0,0,None,0
10000009,20000117,0-YMZM,0,0,0,0,0,0,0,0,0,None,0
10000009,20000118,N5V-Y0,0,0,0,0,0,0,0,0,0,None,0
10000009,20000119,N-LY4R,0,0,0,0,0,0,0,0,0,None,0
10000009,20000120,V2S-RH,0,0,0,0,0,0,0,0,0,None,0
10000009,20000121,FD-7Y4,0,0,0,0,0,0,0,0,0,None,0
10000009,20000122,TL-FDN,0,0,0,0,0,0,0,0,0,None,0
10000009,20000123,R-CL2W,0,0,0,0,0,0,0,0,0,None,0
10000010,20000124,1P-VL2,0,0,0,0,0,0,0,0,0,None,0
10000010,20000125,X-VN63,0,0,0,0,0,0,0,0,0,None,0
10000010,20000126,LLAP-1,0,0,0,0,0,0,0,0,0,None,0
10000010,20000127,52-JKU,0,0,0,0,0,0,0,0,0,None,0
10000010,20000128,E3-NLE,0,0,0,0,0,0,0,0,0,None,0
10000010,20000129,GORV-P,0,0,0,0,0,0,0,0,0,None,0
10000010,20000130,03C-SU,0,0,0,0,0,0,0,0,0,None,0
10000010,20000131,W-XBGF,0,0,0,0,0,0,0,0,0,None,0
10000011,20000132,730-KH,0,0,0,0,0,0,0,0,0,500015,0
10000011,20000133,U-3HAO,0,0,0,0,0,0,0,0,0,500015,0
10000011,20000134,K-DLD2,0,0,0,0,0,0,0,0,0,500015,0
10000011,20000135,V-LQBF,0,0,0,0,0,0,0,0,0,500015,0
10000011,20000136,BB8E-G,0,0,0,0,0,0,0,0,0,500015,0
10000011,20000137,IYOO-M,0,0,0,0,0,0,0,0,0,500015,0
10000011,20000138,Q-PVMK,0,0,0,0,0,0,0,0,0,500015,0
10000011,20000139,AP-S8F,0,0,0,0,0,0,0,0,0,500015,0
10000011,20000140,T-W4L3,0,0,0,0,0,0,0,0,0,500015,0
10000011,20000141,V-4QJC,0,0,0,0,0,0,0,0,0,500015,0
10000011,20000142,DYK-G8,0,0,0,0,0,0,0,0,0,500015,0
10000011,20000143,L-TEVM,0,0,0,0,0,0,0,0,0,500015,0
10000011,20000144,HRJG-D,0,0,0,0,0,0,0,0,0,500015,0
10000011,20000145,W-3Y6D,0,0,0,0,0,0,0,0,0,500015,0
10000011,20000146,I3-2J0,0,0,0,0,0,0,0,0,0,500015,0
10000012,20000147,Tranquility,0,0,0,0,0,0,0,0,0,500011,0
10000012,20000148,Paradise,0,0,0,0,0,0,0,0,0,500011,0
10000012,20000149,Elysium,0,0,0,0,0,0,0,0,0,500011,0
10000012,20000150,Sound,0,0,0,0,0,0,0,0,0,500011,0
10000012,20000151,Rapture,0,0,0,0,0,0,0,0,0,500011,0
10000012,20000152,Hale,0,0,0,0,0,0,0,0,0,500011,0
10000012,20000153,Heaven,0,0,0,0,0,0,0,0,0,500011,0
10000013,20000154,4R-HUN,0,0,0,0,0,0,0,0,0,None,0
10000013,20000155,XI0-X2,0,0,0,0,0,0,0,0,0,None,0
10000013,20000156,1M4-FN,0,0,0,0,0,0,0,0,0,None,0
10000013,20000157,UL8-RD,0,0,0,0,0,0,0,0,0,None,0
10000013,20000158,3TS-12,0,0,0,0,0,0,0,0,0,None,0
10000013,20000159,E6EO-H,0,0,0,0,0,0,0,0,0,None,0
10000013,20000160,PFL-QY,0,0,0,0,0,0,0,0,0,None,0
10000013,20000161,7UNX-J,0,0,0,0,0,0,0,0,0,None,0
10000013,20000162,D-YKXH,0,0,0,0,0,0,0,0,0,None,0
10000013,20000163,G-HISF,0,0,0,0,0,0,0,0,0,None,0
10000013,20000164,GDBW-2,0,0,0,0,0,0,0,0,0,None,0
10000013,20000165,WS5L-X,0,0,0,0,0,0,0,0,0,None,0
10000013,20000166,MW49-U,0,0,0,0,0,0,0,0,0,None,0
10000013,20000167,PX0-P4,0,0,0,0,0,0,0,0,0,None,0
10000013,20000168,2747-4,0,0,0,0,0,0,0,0,0,None,0
10000014,20000169,UX3-N2,0,0,0,0,0,0,0,0,0,None,0
10000014,20000170,N-OGI1,0,0,0,0,0,0,0,0,0,None,0
10000014,20000171,EM-L3K,0,0,0,0,0,0,0,0,0,None,0
10000014,20000172,ZW-BY5,0,0,0,0,0,0,0,0,0,None,0
10000014,20000173,JZV-O6,0,0,0,0,0,0,0,0,0,None,0
10000014,20000174,XR9-LP,0,0,0,0,0,0,0,0,0,None,0
10000014,20000175,9HXQ-G,0,0,0,0,0,0,0,0,0,None,0
10000014,20000176,FDR-EQ,0,0,0,0,0,0,0,0,0,None,0
10000014,20000177,T-1WDH,0,0,0,0,0,0,0,0,0,None,0
10000014,20000178,A-JI5E,0,0,0,0,0,0,0,0,0,None,0
10000014,20000179,T-HHHT,0,0,0,0,0,0,0,0,0,None,0
10000014,20000180,NNLX-K,0,0,0,0,0,0,0,0,0,None,0
10000014,20000181,6JCS-4,0,0,0,0,0,0,0,0,0,None,0
10000014,20000182,U-JTBT,0,0,0,0,0,0,0,0,0,None,0
10000014,20000183,BRP2-K,0,0,0,0,0,0,0,0,0,None,0
10000015,20000184,1G-8KY,0,0,0,0,0,0,0,0,0,500010,0
10000015,20000185,ST-0EZ,0,0,0,0,0,0,0,0,0,500010,0
10000015,20000186,48R-PS,0,0,0,0,0,0,0,0,0,500010,0
10000015,20000187,N32Z-Z,0,0,0,0,0,0,0,0,0,500010,0
10000015,20000188,UTZ-7B,0,0,0,0,0,0,0,0,0,500010,0
10000015,20000189,E-I1JW,0,0,0,0,0,0,0,0,0,500010,0
10000015,20000190,W9MQ-1,0,0,0,0,0,0,0,0,0,500010,0
10000015,20000191,XHYS-O,0,0,0,0,0,0,0,0,0,500010,0
10000015,20000192,Y8-HHZ,0,0,0,0,0,0,0,0,0,500010,0
10000015,20000193,Y8HB-U,0,0,0,0,0,0,0,0,0,500010,0
10000015,20000194,XMNF-7,0,0,0,0,0,0,0,0,0,500010,0
10000015,20000195,L-1T22,0,0,0,0,0,0,0,0,0,500010,0
10000015,20000196,0HD-6C,0,0,0,0,0,0,0,0,0,500010,0
10000015,20000197,0KTC-R,0,0,0,0,0,0,0,0,0,500010,0
10000016,20000198,Okunda,0,0,0,0,0,0,0,0,0,500001,0
10000016,20000199,Koichi,0,0,0,0,0,0,0,0,0,500001,0
10000016,20000200,Haurala,0,0,0,0,0,0,0,0,0,500001,0
10000016,20000201,Okela,0,0,0,0,0,0,0,0,0,500001,0
10000016,20000202,Kaala,0,0,0,0,0,0,0,0,0,500001,0
10000016,20000203,Makiriemi,0,0,0,0,0,0,0,0,0,500001,0
10000016,20000204,Sela,0,0,0,0,0,0,0,0,0,500001,0
10000016,20000205,Minnen,0,0,0,0,0,0,0,0,0,500001,0
10000016,20000206,Karnola,0,0,0,0,0,0,0,0,0,500001,0
10000016,20000207,Kainokai,0,0,0,0,0,0,0,0,0,500001,0
10000016,20000208,Pietanen,0,0,0,0,0,0,0,0,0,500001,0
10000016,20000209,Asalola,0,0,0,0,0,0,0,0,0,500001,0
10000016,20000210,Malariya,0,0,0,0,0,0,0,0,0,500001,0
10000016,20000211,Umamon,0,0,0,0,0,0,0,0,0,500001,0
10000016,20000212,Mito,0,0,0,0,0,0,0,0,0,500001,0
10000017,20000213,1-Z95W,0,0,0,0,0,0,0,0,0,500005,0
10000017,20000214,OG-DJD,0,0,0,0,0,0,0,0,0,500005,0
10000017,20000215,05-1B6,0,0,0,0,0,0,0,0,0,500005,0
10000017,20000216,WSC-AL,0,0,0,0,0,0,0,0,0,500005,0
10000017,20000217,BS8-ZQ,0,0,0,0,0,0,0,0,0,500005,0
10000017,20000218,I4-DK8,0,0,0,0,0,0,0,0,0,500005,0
10000017,20000219,4I-WP1,0,0,0,0,0,0,0,0,0,500005,0
10000017,20000220,NSM-6F,0,0,0,0,0,0,0,0,0,500005,0
10000017,20000221,F-8DMX,0,0,0,0,0,0,0,0,0,500005,0
10000017,20000222,D-YMGR,0,0,0,0,0,0,0,0,0,500005,0
10000017,20000223,2RX9-6,0,0,0,0,0,0,0,0,0,500005,0
10000017,20000224,3A-CND,0,0,0,0,0,0,0,0,0,500005,0
10000018,20000225,Z6T6-B,0,0,0,0,0,0,0,0,0,None,0
10000018,20000226,OC-TTA,0,0,0,0,0,0,0,0,0,None,0
10000018,20000227,J0-59Y,0,0,0,0,0,0,0,0,0,None,0
10000018,20000228,3D-ROC,0,0,0,0,0,0,0,0,0,None,0
10000018,20000229,4-0VL9,0,0,0,0,0,0,0,0,0,None,0
10000018,20000230,E-UBWI,0,0,0,0,0,0,0,0,0,None,0
10000018,20000231,E1L-UY,0,0,0,0,0,0,0,0,0,None,0
10000018,20000232,P-FL48,0,0,0,0,0,0,0,0,0,None,0
10000018,20000233,OWT3-6,0,0,0,0,0,0,0,0,0,None,0
10000018,20000234,E65-47,0,0,0,0,0,0,0,0,0,None,0
10000018,20000235,MY-HQD,0,0,0,0,0,0,0,0,0,None,0
10000019,20000236,O-BSIB,0,0,0,0,0,0,0,0,0,500005,0
10000019,20000237,W1-F3U,0,0,0,0,0,0,0,0,0,500005,0
10000019,20000238,826-A5,0,0,0,0,0,0,0,0,0,500005,0
10000019,20000239,6I-9Y2,0,0,0,0,0,0,0,0,0,500005,0
10000019,20000240,B9J-NT,0,0,0,0,0,0,0,0,0,500005,0
10000019,20000241,UN2H-D,0,0,0,0,0,0,0,0,0,500005,0
10000019,20000242,F-0CTG,0,0,0,0,0,0,0,0,0,500005,0
10000020,20000243,Sanair,0,0,0,0,0,0,0,0,0,500003,0
10000020,20000244,Somi,0,0,0,0,0,0,0,0,0,500003,0
10000020,20000245,Mise,0,0,0,0,0,0,0,0,0,500003,0
10000020,20000246,Emsek,0,0,0,0,0,0,0,0,0,500003,0
10000020,20000247,Arvachah,0,0,0,0,0,0,0,0,0,500003,0
10000020,20000248,Mimishia,0,0,0,0,0,0,0,0,0,500003,0
10000020,20000249,Sukanan,0,0,0,0,0,0,0,0,0,500003,0
10000020,20000250,Damadil,0,0,0,0,0,0,0,0,0,500003,0
10000020,20000251,Rifenda,0,0,0,0,0,0,0,0,0,500003,0
10000020,20000252,Nasorin,0,0,0,0,0,0,0,0,0,500003,0
10000020,20000253,Tsemshatel,0,0,0,0,0,0,0,0,0,500003,0
10000020,20000254,Anidaza,0,0,0,0,0,0,0,0,0,500003,0
10000020,20000255,Ajah,0,0,0,0,0,0,0,0,0,500003,0
10000020,20000256,Subhatoub,0,0,0,0,0,0,0,0,0,500003,0
10000020,20000257,Peges,0,0,0,0,0,0,0,0,0,500003,0
10000021,20000258,B-D245,0,0,0,0,0,0,0,0,0,None,0
10000021,20000259,X5O9-E,0,0,0,0,0,0,0,0,0,None,0
10000021,20000260,J33-JR,0,0,0,0,0,0,0,0,0,None,0
10000021,20000261,AGI1-F,0,0,0,0,0,0,0,0,0,None,0
10000021,20000262,U-IOR1,0,0,0,0,0,0,0,0,0,None,0
10000021,20000263,NPL-WH,0,0,0,0,0,0,0,0,0,None,0
10000021,20000264,IM-8S5,0,0,0,0,0,0,0,0,0,None,0
10000021,20000265,7-ZDOK,0,0,0,0,0,0,0,0,0,None,0
10000021,20000266,6GU-AT,0,0,0,0,0,0,0,0,0,None,0
10000021,20000267,2FYX-H,0,0,0,0,0,0,0,0,0,None,0
10000021,20000268,NOB-HD,0,0,0,0,0,0,0,0,0,None,0
10000021,20000269,C9XB-L,0,0,0,0,0,0,0,0,0,None,0
10000021,20000270,KPU3-3,0,0,0,0,0,0,0,0,0,None,0
10000022,20000271,5VN-B7,0,0,0,0,0,0,0,0,0,500019,0
10000022,20000272,41JS-R,0,0,0,0,0,0,0,0,0,500019,0
10000022,20000273,H26A-B,0,0,0,0,0,0,0,0,0,500019,0
10000022,20000274,Y-2D6Q,0,0,0,0,0,0,0,0,0,500019,0
10000022,20000275,U7L-MQ,0,0,0,0,0,0,0,0,0,500019,0
10000022,20000276,XJ-0RG,0,0,0,0,0,0,0,0,0,500019,0
10000022,20000277,H-QXM7,0,0,0,0,0,0,0,0,0,500019,0
10000022,20000278,T-L301,0,0,0,0,0,0,0,0,0,500019,0
10000022,20000279,QO-17V,0,0,0,0,0,0,0,0,0,500019,0
10000022,20000280,VH1-NS,0,0,0,0,0,0,0,0,0,500019,0
10000022,20000281,Q4IG-S,0,0,0,0,0,0,0,0,0,500019,0
10000022,20000282,JG-ZLG,0,0,0,0,0,0,0,0,0,500019,0
10000022,20000283,V-H3V0,0,0,0,0,0,0,0,0,0,500019,0
10000022,20000284,W-ULNA,0,0,0,0,0,0,0,0,0,500019,0
10000022,20000285,SB3-IH,0,0,0,0,0,0,0,0,0,500019,0
10000022,20000286,Z01V-Z,0,0,0,0,0,0,0,0,0,500019,0
10000022,20000287,WF-OP4,0,0,0,0,0,0,0,0,0,500019,0
10000022,20000288,R-IZDC,0,0,0,0,0,0,0,0,0,500019,0
10000023,20000289,MDM8-J,0,0,0,0,0,0,0,0,0,None,0
10000023,20000290,U8-CWA,0,0,0,0,0,0,0,0,0,None,0
10000023,20000291,38G6-L,0,0,0,0,0,0,0,0,0,500016,0
10000023,20000292,YS-GOP,0,0,0,0,0,0,0,0,0,None,0
10000023,20000293,WMP-OF,0,0,0,0,0,0,0,0,0,None,0
10000023,20000294,LY-FY6,0,0,0,0,0,0,0,0,0,None,0
10000023,20000295,U-7RBK,0,0,0,0,0,0,0,0,0,500018,0
10000023,20000296,G8-D09,0,0,0,0,0,0,0,0,0,None,0
10000023,20000297,304Z-R,0,0,0,0,0,0,0,0,0,None,0
10000023,20000298,K-QUVW,0,0,0,0,0,0,0,0,0,None,0
10000023,20000299,LN-L8L,0,0,0,0,0,0,0,0,0,None,0
10000023,20000300,S4GH-I,0,0,0,0,0,0,0,0,0,None,0
10000023,20000301,0A-73B,0,0,0,0,0,0,0,0,0,None,0
10000042,20000302,Barvigrard,0,0,0,0,0,0,0,0,0,500002,0
10000042,20000303,Tiat,0,0,0,0,0,0,0,0,0,500002,0
10000042,20000304,Aldodan,0,0,0,0,0,0,0,0,0,500002,0
10000042,20000305,Ani,0,0,0,0,0,0,0,0,0,500002,0
10000042,20000306,Fribrodi,0,0,0,0,0,0,0,0,0,500002,0
10000042,20000307,Eugidi,0,0,0,0,0,0,0,0,0,500002,0
10000042,20000308,Essin,0,0,0,0,0,0,0,0,0,500002,0
10000042,20000309,Angils,0,0,0,0,0,0,0,0,0,500002,0
10000025,20000310,Q-IPAA,0,0,0,0,0,0,0,0,0,None,0
10000025,20000311,K-ZKBM,0,0,0,0,0,0,0,0,0,None,0
10000025,20000312,MY-QQI,0,0,0,0,0,0,0,0,0,None,0
10000025,20000313,RTCU-5,0,0,0,0,0,0,0,0,0,None,0
10000025,20000314,C73-U5,0,0,0,0,0,0,0,0,0,None,0
10000025,20000315,K-N3MD,0,0,0,0,0,0,0,0,0,None,0
10000025,20000316,4MY-AB,0,0,0,0,0,0,0,0,0,None,0
10000025,20000317,Y46-EN,0,0,0,0,0,0,0,0,0,None,0
10000025,20000318,EL8Z-M,0,0,0,0,0,0,0,0,0,None,0
10000025,20000319,YENX-U,0,0,0,0,0,0,0,0,0,None,0
10000025,20000320,WTE-CK,0,0,0,0,0,0,0,0,0,None,0
10000025,20000321,IJE6-J,0,0,0,0,0,0,0,0,0,None,0
10000043,20000322,Throne Worlds,0,0,0,0,0,0,0,0,0,500003,0
10000043,20000323,Mobit,0,0,0,0,0,0,0,0,0,500003,0
10000043,20000324,Yestadan,0,0,0,0,0,0,0,0,0,500003,0
10000043,20000325,Mazake,0,0,0,0,0,0,0,0,0,500003,0
10000043,20000326,Kekah,0,0,0,0,0,0,0,0,0,500003,0
10000043,20000327,Sosarir,0,0,0,0,0,0,0,0,0,500003,0
10000043,20000328,Armi,0,0,0,0,0,0,0,0,0,500003,0
10000043,20000329,Mulata,0,0,0,0,0,0,0,0,0,500003,0
10000043,20000330,Nashar,0,0,0,0,0,0,0,0,0,500003,0
10000043,20000331,Kehina,0,0,0,0,0,0,0,0,0,500003,0
10000043,20000332,Avib,0,0,0,0,0,0,0,0,0,500003,0
10000043,20000333,Liela,0,0,0,0,0,0,0,0,0,500003,0
10000043,20000334,Norgoh,0,0,0,0,0,0,0,0,0,500003,0
10000027,20000335,4M6-GJ,0,0,0,0,0,0,0,0,0,None,0
10000027,20000336,D-GU3R,0,0,0,0,0,0,0,0,0,None,0
10000027,20000337,N-APJ8,0,0,0,0,0,0,0,0,0,None,0
10000027,20000338,PGPJ-8,0,0,0,0,0,0,0,0,0,None,0
10000027,20000339,8G-JN6,0,0,0,0,0,0,0,0,0,None,0
10000027,20000340,M9-AN3,0,0,0,0,0,0,0,0,0,None,0
10000027,20000341,6TT8-Z,0,0,0,0,0,0,0,0,0,None,0
10000027,20000342,RDD-E6,0,0,0,0,0,0,0,0,0,None,0
10000027,20000343,ICH-B6,0,0,0,0,0,0,0,0,0,None,0
10000027,20000344,SLYP-5,0,0,0,0,0,0,0,0,0,None,0
10000027,20000345,8AO-5V,0,0,0,0,0,0,0,0,0,None,0
10000027,20000346,J-78ZG,0,0,0,0,0,0,0,0,0,None,0
10000027,20000347,H7Q-DG,0,0,0,0,0,0,0,0,0,None,0
10000027,20000348,1VN-XC,0,0,0,0,0,0,0,0,0,None,0
10000027,20000349,PG-RWX,0,0,0,0,0,0,0,0,0,None,0
10000028,20000350,Fittakan,0,0,0,0,0,0,0,0,0,500002,0
10000028,20000351,Tartatven,0,0,0,0,0,0,0,0,0,500002,0
10000028,20000352,Besateoden,0,0,0,0,0,0,0,0,0,500002,0
10000028,20000353,Almur,0,0,0,0,0,0,0,0,0,500002,0
10000028,20000354,Eoldulf,0,0,0,0,0,0,0,0,0,500002,0
10000028,20000355,Elfrard,0,0,0,0,0,0,0,0,0,500002,0
10000029,20000356,N-K4Q0,0,0,0,0,0,0,0,0,0,500017,0
10000029,20000357,UBPU-9,0,0,0,0,0,0,0,0,0,None,0
10000029,20000358,IPS-QB,0,0,0,0,0,0,0,0,0,None,0
10000029,20000359,8K-CHA,0,0,0,0,0,0,0,0,0,None,0
10000029,20000360,ZYL-FT,0,0,0,0,0,0,0,0,0,None,0
10000029,20000361,NK-AOZ,0,0,0,0,0,0,0,0,0,None,0
10000029,20000362,V1G-63,0,0,0,0,0,0,0,0,0,None,0
10000029,20000363,F-ZNNG,0,0,0,0,0,0,0,0,0,None,0
10000029,20000364,KR-XF4,0,0,0,0,0,0,0,0,0,None,0
10000029,20000365,RJ-1R7,0,0,0,0,0,0,0,0,0,None,0
10000029,20000366,74IL-O,0,0,0,0,0,0,0,0,0,None,0
10000030,20000367,Ortner,0,0,0,0,0,0,0,0,0,500002,0
10000030,20000368,Huvilma,0,0,0,0,0,0,0,0,0,500002,0
10000030,20000369,Osta,0,0,0,0,0,0,0,0,0,500002,0
10000030,20000370,Odengsolf,0,0,0,0,0,0,0,0,0,500002,0
10000030,20000371,Wiedadur,0,0,0,0,0,0,0,0,0,500002,0
10000030,20000372,Hed,0,0,0,0,0,0,0,0,0,500002,0
10000030,20000373,Sveipar,0,0,0,0,0,0,0,0,0,500002,0
10000030,20000374,Akimamur,0,0,0,0,0,0,0,0,0,500002,0
10000030,20000375,Evannater,0,0,0,0,0,0,0,0,0,500002,0
10000030,20000376,Urtfer,0,0,0,0,0,0,0,0,0,500002,0
10000030,20000377,Erada,0,0,0,0,0,0,0,0,0,500002,0
10000030,20000378,Benurad,0,0,0,0,0,0,0,0,0,500002,0
10000031,20000379,5J-SSP,0,0,0,0,0,0,0,0,0,None,0
10000031,20000380,ZYR-NF,0,0,0,0,0,0,0,0,0,None,0
10000031,20000381,1A-WYQ,0,0,0,0,0,0,0,0,0,None,0
10000031,20000382,05M-I1,0,0,0,0,0,0,0,0,0,None,0
10000031,20000383,EK-NQ2,0,0,0,0,0,0,0,0,0,None,0
10000031,20000384,O6W-QE,0,0,0,0,0,0,0,0,0,None,0
10000031,20000385,QZJ-FL,0,0,0,0,0,0,0,0,0,None,0
10000032,20000386,Disier,0,0,0,0,0,0,0,0,0,500004,0
10000032,20000387,Gallente Border Zone,0,0,0,0,0,0,0,0,0,500004,0
10000032,20000388,Spaen,0,0,0,0,0,0,0,0,0,500004,0
10000032,20000389,Coriault,0,0,0,0,0,0,0,0,0,500004,0
10000032,20000390,Firille,0,0,0,0,0,0,0,0,0,500004,0
10000032,20000391,Jonenor,0,0,0,0,0,0,0,0,0,500004,0
10000032,20000392,Algintal,0,0,0,0,0,0,0,0,0,500004,0
10000032,20000393,Lolbrerie,0,0,0,0,0,0,0,0,0,500004,0
10000032,20000394,Stion,0,0,0,0,0,0,0,0,0,500004,0
10000032,20000395,Wyllequet,0,0,0,0,0,0,0,0,0,500004,0
10000032,20000396,Agiesseson,0,0,0,0,0,0,0,0,0,500004,0
10000032,20000397,Nexus,0,0,0,0,0,0,0,0,0,500004,0
10000032,20000398,Aeman,0,0,0,0,0,0,0,0,0,500004,0
10000032,20000399,Nadire,0,0,0,0,0,0,0,0,0,500004,0
10000032,20000400,Ambrye,0,0,0,0,0,0,0,0,0,500004,0
10000033,20000401,Imurukka,0,0,0,0,0,0,0,0,0,500001,0
10000033,20000402,Nagaslaiken,0,0,0,0,0,0,0,0,0,500001,0
10000033,20000403,Arekin,0,0,0,0,0,0,0,0,0,500001,0
10000033,20000404,Ieyama,0,0,0,0,0,0,0,0,0,500001,0
10000033,20000405,Caldari Border Zone,0,0,0,0,0,0,0,0,0,500001,0
10000033,20000406,Kantanen,0,0,0,0,0,0,0,0,0,500001,0
10000033,20000407,Outartoh,0,0,0,0,0,0,0,0,0,500001,0
10000033,20000408,Uusasai,0,0,0,0,0,0,0,0,0,500001,0
10000033,20000409,Suon,0,0,0,0,0,0,0,0,0,500001,0
10000033,20000410,Otawasa,0,0,0,0,0,0,0,0,0,500001,0
10000033,20000411,Tasen,0,0,0,0,0,0,0,0,0,500001,0
10000033,20000412,Isoma,0,0,0,0,0,0,0,0,0,500001,0
10000033,20000413,Santenpaa,0,0,0,0,0,0,0,0,0,500001,0
10000034,20000414,6-CBBM,0,0,0,0,0,0,0,0,0,None,0
10000034,20000415,78-6RI,0,0,0,0,0,0,0,0,0,None,0
10000034,20000416,2O-VY7,0,0,0,0,0,0,0,0,0,None,0
10000034,20000417,3NA-Z1,0,0,0,0,0,0,0,0,0,None,0
10000034,20000418,S4S-SD,0,0,0,0,0,0,0,0,0,None,0
10000034,20000419,U-HSM3,0,0,0,0,0,0,0,0,0,None,0
10000034,20000420,8UD2-J,0,0,0,0,0,0,0,0,0,None,0
10000034,20000421,XPG-HE,0,0,0,0,0,0,0,0,0,None,0
10000034,20000422,P-B2NE,0,0,0,0,0,0,0,0,0,None,0
10000034,20000423,2Q-8WA,0,0,0,0,0,0,0,0,0,None,0
10000035,20000424,29V-1R,0,0,0,0,0,0,0,0,0,None,0
10000035,20000425,Z-D6K5,0,0,0,0,0,0,0,0,0,None,0
10000035,20000426,VW7-YN,0,0,0,0,0,0,0,0,0,None,0
10000035,20000427,UTQ-BO,0,0,0,0,0,0,0,0,0,None,0
10000035,20000428,N-U2LX,0,0,0,0,0,0,0,0,0,None,0
10000035,20000429,S-B1E4,0,0,0,0,0,0,0,0,0,None,0
10000035,20000430,A21H-Z,0,0,0,0,0,0,0,0,0,None,0
10000035,20000431,RFY-QB,0,0,0,0,0,0,0,0,0,None,0
10000035,20000432,D-AWFI,0,0,0,0,0,0,0,0,0,None,0
10000036,20000433,Semou,0,0,0,0,0,0,0,0,0,500003,0
10000036,20000434,Ryra,0,0,0,0,0,0,0,0,0,500003,0
10000036,20000435,Kisana,0,0,0,0,0,0,0,0,0,500003,0
10000036,20000436,Jayai,0,0,0,0,0,0,0,0,0,500003,0
10000036,20000437,Kabo,0,0,0,0,0,0,0,0,0,500003,0
10000036,20000438,Daredan,0,0,0,0,0,0,0,0,0,500003,0
10000036,20000439,Abthi,0,0,0,0,0,0,0,0,0,500003,0
10000036,20000440,Enka,0,0,0,0,0,0,0,0,0,500003,0
10000037,20000441,Osnins,0,0,0,0,0,0,0,0,0,500004,0
10000037,20000442,Chasnaye,0,0,0,0,0,0,0,0,0,500004,0
10000037,20000443,Ysiette,0,0,0,0,0,0,0,0,0,500004,0
10000037,20000444,Odilis,0,0,0,0,0,0,0,0,0,500004,0
10000037,20000445,Giatole,0,0,0,0,0,0,0,0,0,500004,0
10000037,20000446,Elalan,0,0,0,0,0,0,0,0,0,500004,0
10000037,20000447,Marele,0,0,0,0,0,0,0,0,0,500004,0
10000038,20000448,Sasen,0,0,0,0,0,0,0,0,0,500003,0
10000038,20000449,Vaarma,0,0,0,0,0,0,0,0,0,500003,0
10000038,20000450,Ichida,0,0,0,0,0,0,0,0,0,500003,0
10000038,20000451,Tandoiras,0,0,0,0,0,0,0,0,0,500003,0
10000038,20000452,Ohvarainen,0,0,0,0,0,0,0,0,0,500003,0
10000039,20000453,KUSW-P,0,0,0,0,0,0,0,0,0,None,0
10000039,20000454,8T-OLH,0,0,0,0,0,0,0,0,0,None,0
10000039,20000455,Q-2BI6,0,0,0,0,0,0,0,0,0,None,0
10000039,20000456,JSZ-X6,0,0,0,0,0,0,0,0,0,None,0
10000039,20000457,R2-BT6,0,0,0,0,0,0,0,0,0,None,0
10000039,20000458,3WN-1T,0,0,0,0,0,0,0,0,0,None,0
10000039,20000459,7ZRW-G,0,0,0,0,0,0,0,0,0,None,0
10000039,20000460,E-ILCH,0,0,0,0,0,0,0,0,0,None,0
10000039,20000461,AJG-MV,0,0,0,0,0,0,0,0,0,None,0
10000039,20000462,O-PQU0,0,0,0,0,0,0,0,0,0,None,0
10000039,20000463,9D1V-O,0,0,0,0,0,0,0,0,0,None,0
10000039,20000464,FY6-NK,0,0,0,0,0,0,0,0,0,None,0
10000040,20000465,WE-WLQ,0,0,0,0,0,0,0,0,0,None,0
10000040,20000466,T-4ACL,0,0,0,0,0,0,0,0,0,None,0
10000040,20000467,0PS-L5,0,0,0,0,0,0,0,0,0,None,0
10000040,20000468,CZ-06R,0,0,0,0,0,0,0,0,0,None,0
10000040,20000469,F-W6B4,0,0,0,0,0,0,0,0,0,None,0
10000040,20000470,3RU-10,0,0,0,0,0,0,0,0,0,None,0
10000040,20000471,DOCS-O,0,0,0,0,0,0,0,0,0,None,0
10000040,20000472,04-LOF,0,0,0,0,0,0,0,0,0,None,0
10000040,20000473,O9X-CV,0,0,0,0,0,0,0,0,0,None,0
10000040,20000474,D4J-PP,0,0,0,0,0,0,0,0,0,None,0
10000040,20000475,D61-WV,0,0,0,0,0,0,0,0,0,None,0
10000040,20000476,S-Q02B,0,0,0,0,0,0,0,0,0,None,0
10000040,20000477,4ZXC-8,0,0,0,0,0,0,0,0,0,None,0
10000041,20000478,Z-6NQ6,0,0,0,0,0,0,0,0,0,500009,0
10000041,20000479,2-M6DE,0,0,0,0,0,0,0,0,0,500009,0
10000041,20000480,Y4Y7-Q,0,0,0,0,0,0,0,0,0,500009,0
10000041,20000481,DS-M4Q,0,0,0,0,0,0,0,0,0,500009,0
10000041,20000482,TA-A7V,0,0,0,0,0,0,0,0,0,500009,0
10000041,20000483,MK7-AO,0,0,0,0,0,0,0,0,0,500009,0
10000041,20000484,YFN-UN,0,0,0,0,0,0,0,0,0,500009,0
10000041,20000485,49A-BZ,0,0,0,0,0,0,0,0,0,500009,0
10000041,20000486,GN-ACS,0,0,0,0,0,0,0,0,0,500009,0
10000041,20000487,59H-0G,0,0,0,0,0,0,0,0,0,500009,0
10000041,20000488,QS-FVH,0,0,0,0,0,0,0,0,0,500009,0
10000041,20000489,6-V49K,0,0,0,0,0,0,0,0,0,500009,0
10000041,20000490,SKX-PL,0,0,0,0,0,0,0,0,0,500009,0
10000041,20000491,JQV5-9,0,0,0,0,0,0,0,0,0,500009,0
10000042,20000492,Gedur,0,0,0,0,0,0,0,0,0,500002,0
10000042,20000493,Lorundio,0,0,0,0,0,0,0,0,0,500002,0
10000042,20000494,Ankard,0,0,0,0,0,0,0,0,0,500002,0
10000042,20000495,Jonar,0,0,0,0,0,0,0,0,0,500002,0
10000042,20000496,Stadakorn,0,0,0,0,0,0,0,0,0,500002,0
10000042,20000497,Meinigefur,0,0,0,0,0,0,0,0,0,500002,0
10000042,20000498,Aptetter,0,0,0,0,0,0,0,0,0,500002,0
10000042,20000499,Ergruk,0,0,0,0,0,0,0,0,0,500002,0
10000042,20000500,Brazinget,0,0,0,0,0,0,0,0,0,500002,0
10000042,20000501,Frar,0,0,0,0,0,0,0,0,0,500002,0
10000042,20000502,Inkelm,0,0,0,0,0,0,0,0,0,500002,0
10000042,20000503,Panorad,0,0,0,0,0,0,0,0,0,500002,0
10000042,20000504,Argeir,0,0,0,0,0,0,0,0,0,500002,0
10000042,20000505,Rollera,0,0,0,0,0,0,0,0,0,500002,0
10000042,20000506,Hulf,0,0,0,0,0,0,0,0,0,500002,0
10000043,20000507,Fua,0,0,0,0,0,0,0,0,0,500003,0
10000043,20000508,Kashag,0,0,0,0,0,0,0,0,0,500003,0
10000043,20000509,Parud,0,0,0,0,0,0,0,0,0,500003,0
10000043,20000510,Zemont,0,0,0,0,0,0,0,0,0,500003,0
10000043,20000511,Yekti,0,0,0,0,0,0,0,0,0,500003,0
10000043,20000512,Hoosa,0,0,0,0,0,0,0,0,0,500003,0
10000043,20000513,Chardu,0,0,0,0,0,0,0,0,0,500003,0
10000043,20000514,Maddam,0,0,0,0,0,0,0,0,0,500003,0
10000043,20000515,Qeti,0,0,0,0,0,0,0,0,0,500003,0
10000043,20000516,Mofa,0,0,0,0,0,0,0,0,0,500003,0
10000043,20000517,Maseend,0,0,0,0,0,0,0,0,0,500003,0
10000043,20000518,Nakid,0,0,0,0,0,0,0,0,0,500003,0
10000043,20000519,Jakemhih,0,0,0,0,0,0,0,0,0,500003,0
10000044,20000520,Braille,0,0,0,0,0,0,0,0,0,500004,0
10000044,20000521,Elose,0,0,0,0,0,0,0,0,0,500004,0
10000044,20000522,Orvanne,0,0,0,0,0,0,0,0,0,500004,0
10000044,20000523,Goins,0,0,0,0,0,0,0,0,0,500004,0
10000044,20000524,Elerelle,0,0,0,0,0,0,0,0,0,500004,0
10000044,20000525,Mobrault,0,0,0,0,0,0,0,0,0,500004,0
10000045,20000526,M-J57M,0,0,0,0,0,0,0,0,0,None,0
10000045,20000527,09-4XW,0,0,0,0,0,0,0,0,0,None,0
10000045,20000528,9P57-V,0,0,0,0,0,0,0,0,0,None,0
10000045,20000529,TJ10-O,0,0,0,0,0,0,0,0,0,None,0
10000045,20000530,X-FHU3,0,0,0,0,0,0,0,0,0,None,0
10000045,20000531,GFE-SS,0,0,0,0,0,0,0,0,0,None,0
10000045,20000532,2-ZRM0,0,0,0,0,0,0,0,0,0,None,0
10000045,20000533,O-EOI9,0,0,0,0,0,0,0,0,0,None,0
10000045,20000534,1D-65L,0,0,0,0,0,0,0,0,0,None,0
10000045,20000535,E-72A3,0,0,0,0,0,0,0,0,0,None,0
10000046,20000536,XFLN-F,0,0,0,0,0,0,0,0,0,None,0
10000046,20000537,UWRZ-2,0,0,0,0,0,0,0,0,0,None,0
10000046,20000538,7X-X1Y,0,0,0,0,0,0,0,0,0,None,0
10000046,20000539,VNX-P0,0,0,0,0,0,0,0,0,0,None,0
10000047,20000540,G2E-RJ,0,0,0,0,0,0,0,0,0,None,0
10000047,20000541,4BZ-R3,0,0,0,0,0,0,0,0,0,None,0
10000047,20000542,AZBG-H,0,0,0,0,0,0,0,0,0,None,0
10000047,20000543,I9B-8X,0,0,0,0,0,0,0,0,0,None,0
10000047,20000544,XV7L-S,0,0,0,0,0,0,0,0,0,None,0
10000047,20000545,ZQ2-CF,0,0,0,0,0,0,0,0,0,None,0
10000047,20000546,HS7W-T,0,0,0,0,0,0,0,0,0,None,0
10000047,20000547,5-88B9,0,0,0,0,0,0,0,0,0,None,0
10000047,20000548,UD-ZJ3,0,0,0,0,0,0,0,0,0,None,0
10000047,20000549,P6N8-J,0,0,0,0,0,0,0,0,0,None,0
10000047,20000550,04-H4M,0,0,0,0,0,0,0,0,0,None,0
10000047,20000551,H-KW4A,0,0,0,0,0,0,0,0,0,None,0
10000047,20000552,Q-6LG1,0,0,0,0,0,0,0,0,0,None,0
10000048,20000553,Viriette,0,0,0,0,0,0,0,0,0,500004,0
10000048,20000554,Fislipesnes,0,0,0,0,0,0,0,0,0,500004,0
10000048,20000555,Alselbosier,0,0,0,0,0,0,0,0,0,500004,0
10000048,20000556,Josmaert,0,0,0,0,0,0,0,0,0,500004,0
10000048,20000557,Unour,0,0,0,0,0,0,0,0,0,500004,0
10000048,20000558,Ganoure,0,0,0,0,0,0,0,0,0,500004,0
10000048,20000559,Pegeler,0,0,0,0,0,0,0,0,0,500004,0
10000048,20000560,Beyt,0,0,0,0,0,0,0,0,0,500004,0
10000048,20000561,Amevync,0,0,0,0,0,0,0,0,0,500004,0
10000048,20000562,Mallugier,0,0,0,0,0,0,0,0,0,500004,0
10000048,20000563,Serthoulde,0,0,0,0,0,0,0,0,0,500004,0
10000049,20000564,Nohshayess,0,0,0,0,0,0,0,0,0,500008,0
10000049,20000565,Finaka,0,0,0,0,0,0,0,0,0,500008,0
10000049,20000566,Amdimmah,0,0,0,0,0,0,0,0,0,500008,0
10000049,20000567,Youledian,0,0,0,0,0,0,0,0,0,500008,0
10000049,20000568,Sib,0,0,0,0,0,0,0,0,0,500008,0
10000049,20000569,Seevadin,0,0,0,0,0,0,0,0,0,500008,0
10000049,20000570,Fekhoya,0,0,0,0,0,0,0,0,0,500008,0
10000049,20000571,Arniri,0,0,0,0,0,0,0,0,0,500008,0
10000049,20000572,Akar,0,0,0,0,0,0,0,0,0,500008,0
10000049,20000573,Homroon,0,0,0,0,0,0,0,0,0,500008,0
10000049,20000574,Budar,0,0,0,0,0,0,0,0,0,500008,0
10000049,20000575,Alpakian,0,0,0,0,0,0,0,0,0,500008,0
10000050,20000576,H-6HGD,0,0,0,0,0,0,0,0,0,None,0
10000050,20000577,PUB-0R,0,0,0,0,0,0,0,0,0,None,0
10000050,20000578,YB7B-8,0,0,0,0,0,0,0,0,0,None,0
10000050,20000579,A-Z7C9,0,0,0,0,0,0,0,0,0,None,0
10000050,20000580,9NP-KR,0,0,0,0,0,0,0,0,0,None,0
10000050,20000581,8BO-IH,0,0,0,0,0,0,0,0,0,None,0
10000050,20000582,K-JO26,0,0,0,0,0,0,0,0,0,None,0
10000050,20000583,F-RA63,0,0,0,0,0,0,0,0,0,None,0
10000050,20000584,8ET-D1,0,0,0,0,0,0,0,0,0,None,0
10000050,20000585,MPJW-6,0,0,0,0,0,0,0,0,0,None,0
10000050,20000586,3B-IWE,0,0,0,0,0,0,0,0,0,None,0
10000050,20000587,LI-BA0,0,0,0,0,0,0,0,0,0,None,0
10000050,20000588,4QZ-2M,0,0,0,0,0,0,0,0,0,None,0
10000050,20000589,XLL-Z7,0,0,0,0,0,0,0,0,0,None,0
10000051,20000590,Yrton,0,0,0,0,0,0,0,0,0,None,0
10000051,20000591,Balenne,0,0,0,0,0,0,0,0,0,None,0
10000051,20000592,Tinnimerci,0,0,0,0,0,0,0,0,0,None,0
10000051,20000593,Prelle,0,0,0,0,0,0,0,0,0,None,0
10000051,20000594,Assilot,0,0,0,0,0,0,0,0,0,None,0
10000051,20000595,Miennue,0,0,0,0,0,0,0,0,0,None,0
10000052,20000596,Megeh,0,0,0,0,0,0,0,0,0,500003,0
10000052,20000597,Kakol,0,0,0,0,0,0,0,0,0,500003,0
10000052,20000598,Febihkin,0,0,0,0,0,0,0,0,0,500003,0
10000052,20000599,Trigentia,0,0,0,0,0,0,0,0,0,500003,0
10000052,20000600,Heti,0,0,0,0,0,0,0,0,0,500003,0
10000052,20000601,Parrosa,0,0,0,0,0,0,0,0,0,500003,0
10000052,20000602,Favo,0,0,0,0,0,0,0,0,0,500003,0
10000052,20000603,Araz,0,0,0,0,0,0,0,0,0,500003,0
10000052,20000604,Ahrnot,0,0,0,0,0,0,0,0,0,500003,0
10000052,20000605,Pezarba,0,0,0,0,0,0,0,0,0,500003,0
10000052,20000606,Naloran,0,0,0,0,0,0,0,0,0,500003,0
10000052,20000607,Moghiz,0,0,0,0,0,0,0,0,0,500003,0
10000052,20000608,Qermi,0,0,0,0,0,0,0,0,0,500003,0
10000053,20000609,QJ2-0M,0,0,0,0,0,0,0,0,0,None,0
10000053,20000610,HNZF-Z,0,0,0,0,0,0,0,0,0,None,0
10000053,20000611,SI1-CF,0,0,0,0,0,0,0,0,0,None,0
10000053,20000612,G3-MU3,0,0,0,0,0,0,0,0,0,None,0
10000053,20000613,BB-48X,0,0,0,0,0,0,0,0,0,None,0
10000053,20000614,I-WRVM,0,0,0,0,0,0,0,0,0,None,0
10000053,20000615,XHL-TZ,0,0,0,0,0,0,0,0,0,None,0
10000053,20000616,DA0V-R,0,0,0,0,0,0,0,0,0,None,0
10000053,20000617,5ZAB-N,0,0,0,0,0,0,0,0,0,None,0
10000053,20000618,N4TD-6,0,0,0,0,0,0,0,0,0,None,0
10000054,20000619,Anama,0,0,0,0,0,0,0,0,0,500003,0
10000054,20000620,Afinoo,0,0,0,0,0,0,0,0,0,500003,0
10000054,20000621,Mareerieh,0,0,0,0,0,0,0,0,0,500003,0
10000054,20000622,Mayonhen,0,0,0,0,0,0,0,0,0,500003,0
10000054,20000623,Ombil,0,0,0,0,0,0,0,0,0,500003,0
10000054,20000624,Tid,0,0,0,0,0,0,0,0,0,500003,0
10000054,20000625,Helab,0,0,0,0,0,0,0,0,0,500003,0
10000054,20000626,Leseasesh,0,0,0,0,0,0,0,0,0,500003,0
10000054,20000627,Maal,0,0,0,0,0,0,0,0,0,500003,0
10000054,20000628,Fabai,0,0,0,0,0,0,0,0,0,500003,0
10000054,20000629,Selonat,0,0,0,0,0,0,0,0,0,500003,0
10000055,20000630,JE7-F2,0,0,0,0,0,0,0,0,0,None,0
10000055,20000631,8-IL7S,0,0,0,0,0,0,0,0,0,None,0
10000055,20000632,304-QS,0,0,0,0,0,0,0,0,0,None,0
10000055,20000633,0C-PZ4,0,0,0,0,0,0,0,0,0,None,0
10000055,20000634,GP-GIU,0,0,0,0,0,0,0,0,0,None,0
10000055,20000635,E-312G,0,0,0,0,0,0,0,0,0,None,0
10000055,20000636,BZ-10K,0,0,0,0,0,0,0,0,0,None,0
10000055,20000637,C-ULS4,0,0,0,0,0,0,0,0,0,None,0
10000055,20000638,Q5KW-Z,0,0,0,0,0,0,0,0,0,None,0
10000055,20000639,BI-NFW,0,0,0,0,0,0,0,0,0,None,0
10000055,20000640,XPBM-F,0,0,0,0,0,0,0,0,0,None,0
10000055,20000641,KWCZ-A,0,0,0,0,0,0,0,0,0,None,0
10000055,20000642,LIB-F9,0,0,0,0,0,0,0,0,0,None,0
10000055,20000643,T-RQ7S,0,0,0,0,0,0,0,0,0,None,0
10000056,20000644,1ANT-J,0,0,0,0,0,0,0,0,0,None,0
10000056,20000645,AV-SCL,0,0,0,0,0,0,0,0,0,None,0
10000056,20000646,I-3ODK,0,0,0,0,0,0,0,0,0,None,0
10000056,20000647,C45-9Y,0,0,0,0,0,0,0,0,0,None,0
10000056,20000648,L-H07K,0,0,0,0,0,0,0,0,0,None,0
10000056,20000649,JQA8-6,0,0,0,0,0,0,0,0,0,None,0
10000056,20000650,3-U491,0,0,0,0,0,0,0,0,0,None,0
10000056,20000651,OFQ-HG,0,0,0,0,0,0,0,0,0,None,0
10000056,20000652,YZKE-Q,0,0,0,0,0,0,0,0,0,None,0
10000056,20000653,RHG-4O,0,0,0,0,0,0,0,0,0,None,0
10000056,20000654,42-WDG,0,0,0,0,0,0,0,0,0,None,0
10000056,20000655,3-PC31,0,0,0,0,0,0,0,0,0,None,0
10000057,20000656,Crown,0,0,0,0,0,0,0,0,0,500014,0
10000057,20000657,Heart,0,0,0,0,0,0,0,0,0,500014,0
10000057,20000658,Belt,0,0,0,0,0,0,0,0,0,500014,0
10000057,20000659,Wield,0,0,0,0,0,0,0,0,0,500014,0
10000057,20000660,Sword,0,0,0,0,0,0,0,0,0,500014,0
10000057,20000661,Regalia,0,0,0,0,0,0,0,0,0,500014,0
10000057,20000662,Scepter,0,0,0,0,0,0,0,0,0,500014,0
10000057,20000663,Velvet,0,0,0,0,0,0,0,0,0,500014,0
10000057,20000664,Sole,0,0,0,0,0,0,0,0,0,500014,0
10000058,20000665,Pegasus,0,0,0,0,0,0,0,0,0,None,0
10000058,20000666,Wyvern,0,0,0,0,0,0,0,0,0,None,0
10000058,20000667,Manticore,0,0,0,0,0,0,0,0,0,None,0
10000058,20000668,Sphinx,0,0,0,0,0,0,0,0,0,None,0
10000058,20000669,Centaur,0,0,0,0,0,0,0,0,0,None,0
10000058,20000670,Unicorn,0,0,0,0,0,0,0,0,0,None,0
10000058,20000671,Satyr,0,0,0,0,0,0,0,0,0,None,0
10000058,20000672,Kraken,0,0,0,0,0,0,0,0,0,None,0
10000058,20000673,Chimera,0,0,0,0,0,0,0,0,0,None,0
10000058,20000674,Phoenix,0,0,0,0,0,0,0,0,0,500020,0
10000058,20000675,Taurus,0,0,0,0,0,0,0,0,0,None,0
10000058,20000676,Griffin,0,0,0,0,0,0,0,0,0,None,0
10000058,20000677,Hydra,0,0,0,0,0,0,0,0,0,None,0
10000058,20000678,Minotaur,0,0,0,0,0,0,0,0,0,None,0
10000058,20000679,Skaven,0,0,0,0,0,0,0,0,0,None,0
10000058,20000680,Mermaid,0,0,0,0,0,0,0,0,0,None,0
10000058,20000681,Basilisk,0,0,0,0,0,0,0,0,0,None,0
10000059,20000682,17K-QM,0,0,0,0,0,0,0,0,0,None,0
10000059,20000683,TCC-ZV,0,0,0,0,0,0,0,0,0,None,0
10000059,20000684,I-CCEI,0,0,0,0,0,0,0,0,0,None,0
10000059,20000685,IZ-FBT,0,0,0,0,0,0,0,0,0,None,0
10000059,20000686,GEP-XF,0,0,0,0,0,0,0,0,0,None,0
10000059,20000687,D9DM-O,0,0,0,0,0,0,0,0,0,None,0
10000060,20000688,XPJ1-6,0,0,0,0,0,0,0,0,0,500012,0
10000060,20000689,B4H-9W,0,0,0,0,0,0,0,0,0,None,0
10000060,20000690,6-UCYU,0,0,0,0,0,0,0,0,0,500012,0
10000060,20000691,O5K-Y6,0,0,0,0,0,0,0,0,0,None,0
10000060,20000692,SPNZ-Z,0,0,0,0,0,0,0,0,0,None,0
10000060,20000693,YX-LYK,0,0,0,0,0,0,0,0,0,None,0
10000060,20000694,D5-SOW,0,0,0,0,0,0,0,0,0,None,0
10000060,20000695,W-4U1E,0,0,0,0,0,0,0,0,0,None,0
10000060,20000696,O-EIMK,0,0,0,0,0,0,0,0,0,None,0
10000060,20000697,SG-CTQ,0,0,0,0,0,0,0,0,0,None,0
10000060,20000698,NJU-QV,0,0,0,0,0,0,0,0,0,None,0
10000060,20000699,LSC-4P,0,0,0,0,0,0,0,0,0,None,0
10000060,20000700,1-A81R,0,0,0,0,0,0,0,0,0,None,0
10000060,20000701,F-I56R,0,0,0,0,0,0,0,0,0,None,0
10000060,20000702,OK-FEM,0,0,0,0,0,0,0,0,0,None,0
10000061,20000703,QP6B-I,0,0,0,0,0,0,0,0,0,None,0
10000061,20000704,AU-S0B,0,0,0,0,0,0,0,0,0,None,0
10000061,20000705,CL-QB2,0,0,0,0,0,0,0,0,0,None,0
10000061,20000706,E-IFSA,0,0,0,0,0,0,0,0,0,None,0
10000061,20000707,ZQ7-QS,0,0,0,0,0,0,0,0,0,None,0
10000061,20000708,G3IP-E,0,0,0,0,0,0,0,0,0,None,0
10000061,20000709,50-5UD,0,0,0,0,0,0,0,0,0,None,0
10000061,20000710,F5-O9O,0,0,0,0,0,0,0,0,0,None,0
10000061,20000711,EIX-HK,0,0,0,0,0,0,0,0,0,None,0
10000061,20000712,BZZ-1U,0,0,0,0,0,0,0,0,0,None,0
10000061,20000713,6I-3VX,0,0,0,0,0,0,0,0,0,None,0
10000061,20000714,W-3E44,0,0,0,0,0,0,0,0,0,None,0
10000062,20000715,O5QG-M,0,0,0,0,0,0,0,0,0,None,0
10000062,20000716,Y-LRWI,0,0,0,0,0,0,0,0,0,None,0
10000062,20000717,5Z0Y-S,0,0,0,0,0,0,0,0,0,None,0
10000062,20000718,8MJO-4,0,0,0,0,0,0,0,0,0,None,0
10000062,20000719,U7-GIV,0,0,0,0,0,0,0,0,0,None,0
10000062,20000720,RL36-K,0,0,0,0,0,0,0,0,0,None,0
10000063,20000721,XOV7-5,0,0,0,0,0,0,0,0,0,None,0
10000063,20000722,N-39FI,0,0,0,0,0,0,0,0,0,None,0
10000063,20000723,J8-G8K,0,0,0,0,0,0,0,0,0,None,0
10000063,20000724,NOK-FZ,0,0,0,0,0,0,0,0,0,None,0
10000063,20000725,6KFH-X,0,0,0,0,0,0,0,0,0,None,0
10000063,20000726,OY3-DM,0,0,0,0,0,0,0,0,0,None,0
10000064,20000727,Crux,0,0,0,0,0,0,0,0,0,500004,0
10000064,20000728,Patrie,0,0,0,0,0,0,0,0,0,500004,0
10000064,20000729,Jeon,0,0,0,0,0,0,0,0,0,500004,0
10000064,20000730,Balrille,0,0,0,0,0,0,0,0,0,500004,0
10000064,20000731,Vieres,0,0,0,0,0,0,0,0,0,500004,0
10000064,20000732,Peccanouette,0,0,0,0,0,0,0,0,0,500004,0
10000064,20000733,Arand,0,0,0,0,0,0,0,0,0,500004,0
10000064,20000734,Thoulde,0,0,0,0,0,0,0,0,0,500004,0
10000064,20000735,Eustron,0,0,0,0,0,0,0,0,0,500004,0
10000065,20000736,Jatari,0,0,0,0,0,0,0,0,0,500003,0
10000065,20000737,Gebem,0,0,0,0,0,0,0,0,0,500003,0
10000065,20000738,Nimedaz,0,0,0,0,0,0,0,0,0,500003,0
10000065,20000739,Panoumid,0,0,0,0,0,0,0,0,0,500003,0
10000065,20000740,Finena,0,0,0,0,0,0,0,0,0,500003,0
10000065,20000741,Ravin,0,0,0,0,0,0,0,0,0,500003,0
10000065,20000742,Orus,0,0,0,0,0,0,0,0,0,500003,0
10000065,20000743,Comadu,0,0,0,0,0,0,0,0,0,500003,0
10000065,20000744,Tendrara,0,0,0,0,0,0,0,0,0,500003,0
10000066,20000745,NT1-5Q,0,0,0,0,0,0,0,0,0,None,0
10000066,20000746,O5PO-O,0,0,0,0,0,0,0,0,0,None,0
10000066,20000747,B-MQ0Y,0,0,0,0,0,0,0,0,0,None,0
10000066,20000748,9BGY-6,0,0,0,0,0,0,0,0,0,None,0
10000066,20000749,X7-FTR,0,0,0,0,0,0,0,0,0,None,0
10000066,20000750,4LEZ-6,0,0,0,0,0,0,0,0,0,None,0
10000066,20000751,VT-LHB,0,0,0,0,0,0,0,0,0,None,0
10000066,20000752,BXT7-V,0,0,0,0,0,0,0,0,0,None,0
10000066,20000753,L7-RDZ,0,0,0,0,0,0,0,0,0,None,0
10000066,20000754,TY0-Q2,0,0,0,0,0,0,0,0,0,None,0
10000066,20000755,WXB-RY,0,0,0,0,0,0,0,0,0,None,0
10000066,20000756,Q0-4FU,0,0,0,0,0,0,0,0,0,None,0
10000066,20000757,LWMW-6,0,0,0,0,0,0,0,0,0,None,0
10000066,20000758,S0X-O4,0,0,0,0,0,0,0,0,0,None,0
10000066,20000759,TPB-KG,0,0,0,0,0,0,0,0,0,None,0
10000067,20000760,Nazdirer,0,0,0,0,0,0,0,0,0,500003,0
10000067,20000761,Sanctum,0,0,0,0,0,0,0,0,0,500006,0
10000067,20000762,Ashela,0,0,0,0,0,0,0,0,0,500003,0
10000067,20000763,Ekrin,0,0,0,0,0,0,0,0,0,500003,0
10000067,20000764,Mih,0,0,0,0,0,0,0,0,0,500003,0
10000067,20000765,Ubar,0,0,0,0,0,0,0,0,0,500003,0
10000067,20000766,Meli,0,0,0,0,0,0,0,0,0,500003,0
10000067,20000767,Reya,0,0,0,0,0,0,0,0,0,500003,0
10000067,20000768,Charak,0,0,0,0,0,0,0,0,0,500003,0
10000067,20000769,Makh,0,0,0,0,0,0,0,0,0,500003,0
10000067,20000770,Monalaz,0,0,0,0,0,0,0,0,0,500003,0
10000067,20000771,Aven,0,0,0,0,0,0,0,0,0,500003,0
10000067,20000772,Kihkounad,0,0,0,0,0,0,0,0,0,500003,0
10000067,20000773,EVE,0,0,0,0,0,0,0,0,0,500003,0
10000067,20000774,Fabas,0,0,0,0,0,0,0,0,0,500003,0
10000068,20000775,Woenckee,0,0,0,0,0,0,0,0,0,500004,0
10000068,20000776,Anwyns,0,0,0,0,0,0,0,0,0,500004,0
10000068,20000777,Kiartanne,0,0,0,0,0,0,0,0,0,500004,0
10000068,20000778,Obray,0,0,0,0,0,0,0,0,0,500004,0
10000068,20000779,Ancbeu,0,0,0,0,0,0,0,0,0,500004,0
10000068,20000780,Aideron,0,0,0,0,0,0,0,0,0,500004,0
10000069,20000781,Urpiken,0,0,0,0,0,0,0,0,0,500001,0
10000069,20000782,Okakuola,0,0,0,0,0,0,0,0,0,500001,0
10000069,20000783,Inolari,0,0,0,0,0,0,0,0,0,500001,0
10000069,20000784,Aokinen,0,0,0,0,0,0,0,0,0,500001,0
10000069,20000785,Ishaga,0,0,0,0,0,0,0,0,0,500001,0
10000069,20000786,Kurala,0,0,0,0,0,0,0,0,0,500001,0
10000070,20000787,Krai Perun,0,0,0,0,0,0,0,0,0,500026,0
10000070,20000788,Krai Svarog,0,0,0,0,0,0,0,0,0,500026,0
10000070,20000789,Krai Veles,0,0,0,0,0,0,0,0,0,500026,0
10001000,20010000,Duzna Kah,0,0,0,0,0,0,0,0,0,None,0
11000002,21000001,A-C00001,0,0,0,0,0,0,0,0,0,None,0
11000002,21000002,A-C00002,0,0,0,0,0,0,0,0,0,None,0
11000002,21000003,A-C00003,0,0,0,0,0,0,0,0,0,None,0
11000002,21000004,A-C00004,0,0,0,0,0,0,0,0,0,None,0
11000002,21000005,A-C00005,0,0,0,0,0,0,0,0,0,None,0
11000002,21000006,A-C00006,0,0,0,0,0,0,0,0,0,None,0
11000002,21000007,A-C00007,0,0,0,0,0,0,0,0,0,None,0
11000002,21000008,A-C00008,0,0,0,0,0,0,0,0,0,None,0
11000002,21000009,A-C00009,0,0,0,0,0,0,0,0,0,None,0
11000002,21000010,A-C00010,0,0,0,0,0,0,0,0,0,None,0
11000002,21000011,A-C00011,0,0,0,0,0,0,0,0,0,None,0
11000002,21000012,A-C00012,0,0,0,0,0,0,0,0,0,None,0
11000002,21000013,A-C00013,0,0,0,0,0,0,0,0,0,None,0
11000002,21000014,A-C00014,0,0,0,0,0,0,0,0,0,None,0
11000003,21000015,A-C00015,0,0,0,0,0,0,0,0,0,None,0
11000003,21000016,A-C00016,0,0,0,0,0,0,0,0,0,None,0
11000003,21000017,A-C00017,0,0,0,0,0,0,0,0,0,None,0
11000003,21000018,A-C00018,0,0,0,0,0,0,0,0,0,None,0
11000003,21000019,A-C00019,0,0,0,0,0,0,0,0,0,None,0
11000003,21000020,A-C00020,0,0,0,0,0,0,0,0,0,None,0
11000004,21000021,B-C00021,0,0,0,0,0,0,0,0,0,None,0
11000004,21000022,B-C00022,0,0,0,0,0,0,0,0,0,None,0
11000004,21000023,B-C00023,0,0,0,0,0,0,0,0,0,None,0
11000004,21000024,B-C00024,0,0,0,0,0,0,0,0,0,None,0
11000004,21000025,B-C00025,0,0,0,0,0,0,0,0,0,None,0
11000004,21000026,B-C00026,0,0,0,0,0,0,0,0,0,None,0
11000004,21000027,B-C00027,0,0,0,0,0,0,0,0,0,None,0
11000004,21000028,B-C00028,0,0,0,0,0,0,0,0,0,None,0
11000004,21000029,B-C00029,0,0,0,0,0,0,0,0,0,None,0
11000004,21000030,B-C00030,0,0,0,0,0,0,0,0,0,None,0
11000005,21000031,B-C00031,0,0,0,0,0,0,0,0,0,None,0
11000005,21000032,B-C00032,0,0,0,0,0,0,0,0,0,None,0
11000005,21000033,B-C00033,0,0,0,0,0,0,0,0,0,None,0
11000005,21000034,B-C00034,0,0,0,0,0,0,0,0,0,None,0
11000005,21000035,B-C00035,0,0,0,0,0,0,0,0,0,None,0
11000005,21000036,B-C00036,0,0,0,0,0,0,0,0,0,None,0
11000005,21000037,B-C00037,0,0,0,0,0,0,0,0,0,None,0
11000005,21000038,B-C00038,0,0,0,0,0,0,0,0,0,None,0
11000005,21000039,B-C00039,0,0,0,0,0,0,0,0,0,None,0
11000005,21000040,B-C00040,0,0,0,0,0,0,0,0,0,None,0
11000006,21000041,B-C00041,0,0,0,0,0,0,0,0,0,None,0
11000006,21000042,B-C00042,0,0,0,0,0,0,0,0,0,None,0
11000006,21000043,B-C00043,0,0,0,0,0,0,0,0,0,None,0
11000006,21000044,B-C00044,0,0,0,0,0,0,0,0,0,None,0
11000006,21000045,B-C00045,0,0,0,0,0,0,0,0,0,None,0
11000006,21000046,B-C00046,0,0,0,0,0,0,0,0,0,None,0
11000006,21000047,B-C00047,0,0,0,0,0,0,0,0,0,None,0
11000006,21000048,B-C00048,0,0,0,0,0,0,0,0,0,None,0
11000006,21000049,B-C00049,0,0,0,0,0,0,0,0,0,None,0
11000006,21000050,B-C00050,0,0,0,0,0,0,0,0,0,None,0
11000006,21000051,B-C00051,0,0,0,0,0,0,0,0,0,None,0
11000006,21000052,B-C00052,0,0,0,0,0,0,0,0,0,None,0
11000006,21000053,B-C00053,0,0,0,0,0,0,0,0,0,None,0
11000006,21000054,B-C00054,0,0,0,0,0,0,0,0,0,None,0
11000007,21000055,B-C00055,0,0,0,0,0,0,0,0,0,None,0
11000007,21000056,B-C00056,0,0,0,0,0,0,0,0,0,None,0
11000007,21000057,B-C00057,0,0,0,0,0,0,0,0,0,None,0
11000007,21000058,B-C00058,0,0,0,0,0,0,0,0,0,None,0
11000007,21000059,B-C00059,0,0,0,0,0,0,0,0,0,None,0
11000008,21000060,B-C00060,0,0,0,0,0,0,0,0,0,None,0
11000008,21000061,B-C00061,0,0,0,0,0,0,0,0,0,None,0
11000008,21000062,B-C00062,0,0,0,0,0,0,0,0,0,None,0
11000008,21000063,B-C00063,0,0,0,0,0,0,0,0,0,None,0
11000008,21000064,B-C00064,0,0,0,0,0,0,0,0,0,None,0
11000008,21000065,B-C00065,0,0,0,0,0,0,0,0,0,None,0
11000008,21000066,B-C00066,0,0,0,0,0,0,0,0,0,None,0
11000008,21000067,B-C00067,0,0,0,0,0,0,0,0,0,None,0
11000008,21000068,B-C00068,0,0,0,0,0,0,0,0,0,None,0
11000008,21000069,B-C00069,0,0,0,0,0,0,0,0,0,None,0
11000008,21000070,B-C00070,0,0,0,0,0,0,0,0,0,None,0
11000008,21000071,B-C00071,0,0,0,0,0,0,0,0,0,None,0
11000008,21000072,B-C00072,0,0,0,0,0,0,0,0,0,None,0
11000008,21000073,B-C00073,0,0,0,0,0,0,0,0,0,None,0
11000008,21000074,B-C00074,0,0,0,0,0,0,0,0,0,None,0
11000008,21000075,B-C00075,0,0,0,0,0,0,0,0,0,None,0
11000009,21000076,C-C00076,0,0,0,0,0,0,0,0,0,None,0
11000009,21000077,C-C00077,0,0,0,0,0,0,0,0,0,None,0
11000009,21000078,C-C00078,0,0,0,0,0,0,0,0,0,None,0
11000009,21000079,C-C00079,0,0,0,0,0,0,0,0,0,None,0
11000009,21000080,C-C00080,0,0,0,0,0,0,0,0,0,None,0
11000009,21000081,C-C00081,0,0,0,0,0,0,0,0,0,None,0
11000009,21000082,C-C00082,0,0,0,0,0,0,0,0,0,None,0
11000009,21000083,C-C00083,0,0,0,0,0,0,0,0,0,None,0
11000009,21000084,C-C00084,0,0,0,0,0,0,0,0,0,None,0
11000010,21000085,C-C00085,0,0,0,0,0,0,0,0,0,None,0
11000010,21000086,C-C00086,0,0,0,0,0,0,0,0,0,None,0
11000010,21000087,C-C00087,0,0,0,0,0,0,0,0,0,None,0
11000010,21000088,C-C00088,0,0,0,0,0,0,0,0,0,None,0
11000010,21000089,C-C00089,0,0,0,0,0,0,0,0,0,None,0
11000010,21000090,C-C00090,0,0,0,0,0,0,0,0,0,None,0
11000010,21000091,C-C00091,0,0,0,0,0,0,0,0,0,None,0
11000010,21000092,C-C00092,0,0,0,0,0,0,0,0,0,None,0
11000011,21000093,C-C00093,0,0,0,0,0,0,0,0,0,None,0
11000011,21000094,C-C00094,0,0,0,0,0,0,0,0,0,None,0
11000011,21000095,C-C00095,0,0,0,0,0,0,0,0,0,None,0
11000011,21000096,C-C00096,0,0,0,0,0,0,0,0,0,None,0
11000011,21000097,C-C00097,0,0,0,0,0,0,0,0,0,None,0
11000011,21000098,C-C00098,0,0,0,0,0,0,0,0,0,None,0
11000011,21000099,C-C00099,0,0,0,0,0,0,0,0,0,None,0
11000011,21000100,C-C00100,0,0,0,0,0,0,0,0,0,None,0
11000011,21000101,C-C00101,0,0,0,0,0,0,0,0,0,None,0
11000011,21000102,C-C00102,0,0,0,0,0,0,0,0,0,None,0
11000011,21000103,C-C00103,0,0,0,0,0,0,0,0,0,None,0
11000011,21000104,C-C00104,0,0,0,0,0,0,0,0,0,None,0
11000011,21000105,C-C00105,0,0,0,0,0,0,0,0,0,None,0
11000012,21000106,C-C00106,0,0,0,0,0,0,0,0,0,None,0
11000012,21000107,C-C00107,0,0,0,0,0,0,0,0,0,None,0
11000012,21000108,C-C00108,0,0,0,0,0,0,0,0,0,None,0
11000012,21000109,C-C00109,0,0,0,0,0,0,0,0,0,None,0
11000012,21000110,C-C00110,0,0,0,0,0,0,0,0,0,None,0
11000012,21000111,C-C00111,0,0,0,0,0,0,0,0,0,None,0
11000012,21000112,C-C00112,0,0,0,0,0,0,0,0,0,None,0
11000012,21000113,C-C00113,0,0,0,0,0,0,0,0,0,None,0
11000012,21000114,C-C00114,0,0,0,0,0,0,0,0,0,None,0
11000012,21000115,C-C00115,0,0,0,0,0,0,0,0,0,None,0
11000012,21000116,C-C00116,0,0,0,0,0,0,0,0,0,None,0
11000012,21000117,C-C00117,0,0,0,0,0,0,0,0,0,None,0
11000012,21000118,C-C00118,0,0,0,0,0,0,0,0,0,None,0
11000012,21000119,C-C00119,0,0,0,0,0,0,0,0,0,None,0
11000012,21000120,C-C00120,0,0,0,0,0,0,0,0,0,None,0
11000012,21000121,C-C00121,0,0,0,0,0,0,0,0,0,None,0
11000013,21000122,C-C00122,0,0,0,0,0,0,0,0,0,None,0
11000013,21000123,C-C00123,0,0,0,0,0,0,0,0,0,None,0
11000013,21000124,C-C00124,0,0,0,0,0,0,0,0,0,None,0
11000013,21000125,C-C00125,0,0,0,0,0,0,0,0,0,None,0
11000013,21000126,C-C00126,0,0,0,0,0,0,0,0,0,None,0
11000013,21000127,C-C00127,0,0,0,0,0,0,0,0,0,None,0
11000013,21000128,C-C00128,0,0,0,0,0,0,0,0,0,None,0
11000014,21000129,C-C00129,0,0,0,0,0,0,0,0,0,None,0
11000014,21000130,C-C00130,0,0,0,0,0,0,0,0,0,None,0
11000014,21000131,C-C00131,0,0,0,0,0,0,0,0,0,None,0
11000014,21000132,C-C00132,0,0,0,0,0,0,0,0,0,None,0
11000014,21000133,C-C00133,0,0,0,0,0,0,0,0,0,None,0
11000014,21000134,C-C00134,0,0,0,0,0,0,0,0,0,None,0
11000014,21000135,C-C00135,0,0,0,0,0,0,0,0,0,None,0
11000014,21000136,C-C00136,0,0,0,0,0,0,0,0,0,None,0
11000014,21000137,C-C00137,0,0,0,0,0,0,0,0,0,None,0
11000014,21000138,C-C00138,0,0,0,0,0,0,0,0,0,None,0
11000014,21000139,C-C00139,0,0,0,0,0,0,0,0,0,None,0
11000014,21000140,C-C00140,0,0,0,0,0,0,0,0,0,None,0
11000014,21000141,C-C00141,0,0,0,0,0,0,0,0,0,None,0
11000014,21000142,C-C00142,0,0,0,0,0,0,0,0,0,None,0
11000014,21000143,C-C00143,0,0,0,0,0,0,0,0,0,None,0
11000015,21000144,C-C00144,0,0,0,0,0,0,0,0,0,None,0
11000015,21000145,C-C00145,0,0,0,0,0,0,0,0,0,None,0
11000015,21000146,C-C00146,0,0,0,0,0,0,0,0,0,None,0
11000015,21000147,C-C00147,0,0,0,0,0,0,0,0,0,None,0
11000015,21000148,C-C00148,0,0,0,0,0,0,0,0,0,None,0
11000015,21000149,C-C00149,0,0,0,0,0,0,0,0,0,None,0
11000015,21000150,C-C00150,0,0,0,0,0,0,0,0,0,None,0
11000015,21000151,C-C00151,0,0,0,0,0,0,0,0,0,None,0
11000015,21000152,C-C00152,0,0,0,0,0,0,0,0,0,None,0
11000016,21000153,D-C00153,0,0,0,0,0,0,0,0,0,None,0
11000016,21000154,D-C00154,0,0,0,0,0,0,0,0,0,None,0
11000016,21000155,D-C00155,0,0,0,0,0,0,0,0,0,None,0
11000016,21000156,D-C00156,0,0,0,0,0,0,0,0,0,None,0
11000016,21000157,D-C00157,0,0,0,0,0,0,0,0,0,None,0
11000016,21000158,D-C00158,0,0,0,0,0,0,0,0,0,None,0
11000016,21000159,D-C00159,0,0,0,0,0,0,0,0,0,None,0
11000016,21000160,D-C00160,0,0,0,0,0,0,0,0,0,None,0
11000016,21000161,D-C00161,0,0,0,0,0,0,0,0,0,None,0
11000017,21000162,D-C00162,0,0,0,0,0,0,0,0,0,None,0
11000017,21000163,D-C00163,0,0,0,0,0,0,0,0,0,None,0
11000017,21000164,D-C00164,0,0,0,0,0,0,0,0,0,None,0
11000017,21000165,D-C00165,0,0,0,0,0,0,0,0,0,None,0
11000018,21000166,D-C00166,0,0,0,0,0,0,0,0,0,None,0
11000018,21000167,D-C00167,0,0,0,0,0,0,0,0,0,None,0
11000018,21000168,D-C00168,0,0,0,0,0,0,0,0,0,None,0
11000018,21000169,D-C00169,0,0,0,0,0,0,0,0,0,None,0
11000018,21000170,D-C00170,0,0,0,0,0,0,0,0,0,None,0
11000018,21000171,D-C00171,0,0,0,0,0,0,0,0,0,None,0
11000018,21000172,D-C00172,0,0,0,0,0,0,0,0,0,None,0
11000019,21000173,D-C00173,0,0,0,0,0,0,0,0,0,None,0
11000019,21000174,D-C00174,0,0,0,0,0,0,0,0,0,None,0
11000019,21000175,D-C00175,0,0,0,0,0,0,0,0,0,None,0
11000019,21000176,D-C00176,0,0,0,0,0,0,0,0,0,None,0
11000019,21000177,D-C00177,0,0,0,0,0,0,0,0,0,None,0
11000019,21000178,D-C00178,0,0,0,0,0,0,0,0,0,None,0
11000019,21000179,D-C00179,0,0,0,0,0,0,0,0,0,None,0
11000019,21000180,D-C00180,0,0,0,0,0,0,0,0,0,None,0
11000019,21000181,D-C00181,0,0,0,0,0,0,0,0,0,None,0
11000019,21000182,D-C00182,0,0,0,0,0,0,0,0,0,None,0
11000019,21000183,D-C00183,0,0,0,0,0,0,0,0,0,None,0
11000019,21000184,D-C00184,0,0,0,0,0,0,0,0,0,None,0
11000019,21000185,D-C00185,0,0,0,0,0,0,0,0,0,None,0
11000019,21000186,D-C00186,0,0,0,0,0,0,0,0,0,None,0
11000020,21000187,D-C00187,0,0,0,0,0,0,0,0,0,None,0
11000020,21000188,D-C00188,0,0,0,0,0,0,0,0,0,None,0
11000020,21000189,D-C00189,0,0,0,0,0,0,0,0,0,None,0
11000020,21000190,D-C00190,0,0,0,0,0,0,0,0,0,None,0
11000020,21000191,D-C00191,0,0,0,0,0,0,0,0,0,None,0
11000020,21000192,D-C00192,0,0,0,0,0,0,0,0,0,None,0
11000020,21000193,D-C00193,0,0,0,0,0,0,0,0,0,None,0
11000020,21000194,D-C00194,0,0,0,0,0,0,0,0,0,None,0
11000021,21000195,D-C00195,0,0,0,0,0,0,0,0,0,None,0
11000021,21000196,D-C00196,0,0,0,0,0,0,0,0,0,None,0
11000021,21000197,D-C00197,0,0,0,0,0,0,0,0,0,None,0
11000021,21000198,D-C00198,0,0,0,0,0,0,0,0,0,None,0
11000021,21000199,D-C00199,0,0,0,0,0,0,0,0,0,None,0
11000021,21000200,D-C00200,0,0,0,0,0,0,0,0,0,None,0
11000021,21000201,D-C00201,0,0,0,0,0,0,0,0,0,None,0
11000021,21000202,D-C00202,0,0,0,0,0,0,0,0,0,None,0
11000021,21000203,D-C00203,0,0,0,0,0,0,0,0,0,None,0
11000021,21000204,D-C00204,0,0,0,0,0,0,0,0,0,None,0
11000021,21000205,D-C00205,0,0,0,0,0,0,0,0,0,None,0
11000021,21000206,D-C00206,0,0,0,0,0,0,0,0,0,None,0
11000021,21000207,D-C00207,0,0,0,0,0,0,0,0,0,None,0
11000021,21000208,D-C00208,0,0,0,0,0,0,0,0,0,None,0
11000021,21000209,D-C00209,0,0,0,0,0,0,0,0,0,None,0
11000021,21000210,D-C00210,0,0,0,0,0,0,0,0,0,None,0
11000021,21000211,D-C00211,0,0,0,0,0,0,0,0,0,None,0
11000021,21000212,D-C00212,0,0,0,0,0,0,0,0,0,None,0
11000022,21000213,D-C00213,0,0,0,0,0,0,0,0,0,None,0
11000022,21000214,D-C00214,0,0,0,0,0,0,0,0,0,None,0
11000022,21000215,D-C00215,0,0,0,0,0,0,0,0,0,None,0
11000022,21000216,D-C00216,0,0,0,0,0,0,0,0,0,None,0
11000022,21000217,D-C00217,0,0,0,0,0,0,0,0,0,None,0
11000022,21000218,D-C00218,0,0,0,0,0,0,0,0,0,None,0
11000022,21000219,D-C00219,0,0,0,0,0,0,0,0,0,None,0
11000022,21000220,D-C00220,0,0,0,0,0,0,0,0,0,None,0
11000022,21000221,D-C00221,0,0,0,0,0,0,0,0,0,None,0
11000022,21000222,D-C00222,0,0,0,0,0,0,0,0,0,None,0
11000022,21000223,D-C00223,0,0,0,0,0,0,0,0,0,None,0
11000022,21000224,D-C00224,0,0,0,0,0,0,0,0,0,None,0
11000022,21000225,D-C00225,0,0,0,0,0,0,0,0,0,None,0
11000022,21000226,D-C00226,0,0,0,0,0,0,0,0,0,None,0
11000023,21000227,D-C00227,0,0,0,0,0,0,0,0,0,None,0
11000023,21000228,D-C00228,0,0,0,0,0,0,0,0,0,None,0
11000023,21000229,D-C00229,0,0,0,0,0,0,0,0,0,None,0
11000023,21000230,D-C00230,0,0,0,0,0,0,0,0,0,None,0
11000023,21000231,D-C00231,0,0,0,0,0,0,0,0,0,None,0
11000024,21000232,E-C00232,0,0,0,0,0,0,0,0,0,None,0
11000024,21000233,E-C00233,0,0,0,0,0,0,0,0,0,None,0
11000024,21000234,E-C00234,0,0,0,0,0,0,0,0,0,None,0
11000024,21000235,E-C00235,0,0,0,0,0,0,0,0,0,None,0
11000024,21000236,E-C00236,0,0,0,0,0,0,0,0,0,None,0
11000024,21000237,E-C00237,0,0,0,0,0,0,0,0,0,None,0
11000024,21000238,E-C00238,0,0,0,0,0,0,0,0,0,None,0
11000024,21000239,E-C00239,0,0,0,0,0,0,0,0,0,None,0
11000024,21000240,E-C00240,0,0,0,0,0,0,0,0,0,None,0
11000024,21000241,E-C00241,0,0,0,0,0,0,0,0,0,None,0
11000024,21000242,E-C00242,0,0,0,0,0,0,0,0,0,None,0
11000025,21000243,E-C00243,0,0,0,0,0,0,0,0,0,None,0
11000025,21000244,E-C00244,0,0,0,0,0,0,0,0,0,None,0
11000025,21000245,E-C00245,0,0,0,0,0,0,0,0,0,None,0
11000025,21000246,E-C00246,0,0,0,0,0,0,0,0,0,None,0
11000025,21000247,E-C00247,0,0,0,0,0,0,0,0,0,None,0
11000025,21000248,E-C00248,0,0,0,0,0,0,0,0,0,None,0
11000025,21000249,E-C00249,0,0,0,0,0,0,0,0,0,None,0
11000025,21000250,E-C00250,0,0,0,0,0,0,0,0,0,None,0
11000025,21000251,E-C00251,0,0,0,0,0,0,0,0,0,None,0
11000025,21000252,E-C00252,0,0,0,0,0,0,0,0,0,None,0
11000025,21000253,E-C00253,0,0,0,0,0,0,0,0,0,None,0
11000025,21000254,E-C00254,0,0,0,0,0,0,0,0,0,None,0
11000025,21000255,E-C00255,0,0,0,0,0,0,0,0,0,None,0
11000026,21000256,E-C00256,0,0,0,0,0,0,0,0,0,None,0
11000026,21000257,E-C00257,0,0,0,0,0,0,0,0,0,None,0
11000026,21000258,E-C00258,0,0,0,0,0,0,0,0,0,None,0
11000026,21000259,E-C00259,0,0,0,0,0,0,0,0,0,None,0
11000026,21000260,E-C00260,0,0,0,0,0,0,0,0,0,None,0
11000026,21000261,E-C00261,0,0,0,0,0,0,0,0,0,None,0
11000026,21000262,E-C00262,0,0,0,0,0,0,0,0,0,None,0
11000026,21000263,E-C00263,0,0,0,0,0,0,0,0,0,None,0
11000026,21000264,E-C00264,0,0,0,0,0,0,0,0,0,None,0
11000027,21000265,E-C00265,0,0,0,0,0,0,0,0,0,None,0
11000027,21000266,E-C00266,0,0,0,0,0,0,0,0,0,None,0
11000027,21000267,E-C00267,0,0,0,0,0,0,0,0,0,None,0
11000027,21000268,E-C00268,0,0,0,0,0,0,0,0,0,None,0
11000027,21000269,E-C00269,0,0,0,0,0,0,0,0,0,None,0
11000027,21000270,E-C00270,0,0,0,0,0,0,0,0,0,None,0
11000027,21000271,E-C00271,0,0,0,0,0,0,0,0,0,None,0
11000027,21000272,E-C00272,0,0,0,0,0,0,0,0,0,None,0
11000027,21000273,E-C00273,0,0,0,0,0,0,0,0,0,None,0
11000028,21000274,E-C00274,0,0,0,0,0,0,0,0,0,None,0
11000028,21000275,E-C00275,0,0,0,0,0,0,0,0,0,None,0
11000028,21000276,E-C00276,0,0,0,0,0,0,0,0,0,None,0
11000028,21000277,E-C00277,0,0,0,0,0,0,0,0,0,None,0
11000028,21000278,E-C00278,0,0,0,0,0,0,0,0,0,None,0
11000028,21000279,E-C00279,0,0,0,0,0,0,0,0,0,None,0
11000028,21000280,E-C00280,0,0,0,0,0,0,0,0,0,None,0
11000028,21000281,E-C00281,0,0,0,0,0,0,0,0,0,None,0
11000028,21000282,E-C00282,0,0,0,0,0,0,0,0,0,None,0
11000028,21000283,E-C00283,0,0,0,0,0,0,0,0,0,None,0
11000028,21000284,E-C00284,0,0,0,0,0,0,0,0,0,None,0
11000028,21000285,E-C00285,0,0,0,0,0,0,0,0,0,None,0
11000029,21000286,E-C00286,0,0,0,0,0,0,0,0,0,None,0
11000029,21000287,E-C00287,0,0,0,0,0,0,0,0,0,None,0
11000029,21000288,E-C00288,0,0,0,0,0,0,0,0,0,None,0
11000029,21000289,E-C00289,0,0,0,0,0,0,0,0,0,None,0
11000029,21000290,E-C00290,0,0,0,0,0,0,0,0,0,None,0
11000029,21000291,E-C00291,0,0,0,0,0,0,0,0,0,None,0
11000029,21000292,E-C00292,0,0,0,0,0,0,0,0,0,None,0
11000029,21000293,E-C00293,0,0,0,0,0,0,0,0,0,None,0
11000029,21000294,E-C00294,0,0,0,0,0,0,0,0,0,None,0
11000029,21000295,E-C00295,0,0,0,0,0,0,0,0,0,None,0
11000029,21000296,E-C00296,0,0,0,0,0,0,0,0,0,None,0
11000030,21000297,F-C00297,0,0,0,0,0,0,0,0,0,None,0
11000030,21000298,F-C00298,0,0,0,0,0,0,0,0,0,None,0
11000030,21000299,F-C00299,0,0,0,0,0,0,0,0,0,None,0
11000030,21000300,F-C00300,0,0,0,0,0,0,0,0,0,None,0
11000030,21000301,F-C00301,0,0,0,0,0,0,0,0,0,None,0
11000030,21000302,F-C00302,0,0,0,0,0,0,0,0,0,None,0
11000030,21000303,F-C00303,0,0,0,0,0,0,0,0,0,None,0
11000030,21000304,F-C00304,0,0,0,0,0,0,0,0,0,None,0
11000030,21000305,F-C00305,0,0,0,0,0,0,0,0,0,None,0
11000030,21000306,F-C00306,0,0,0,0,0,0,0,0,0,None,0
11000030,21000307,F-C00307,0,0,0,0,0,0,0,0,0,None,0
11000030,21000308,F-C00308,0,0,0,0,0,0,0,0,0,None,0
11000030,21000309,F-C00309,0,0,0,0,0,0,0,0,0,None,0
11000030,21000310,F-C00310,0,0,0,0,0,0,0,0,0,None,0
11000001,21000311,A-C00311,0,0,0,0,0,0,0,0,0,None,0
11000001,21000312,A-C00312,0,0,0,0,0,0,0,0,0,None,0
11000001,21000313,A-C00313,0,0,0,0,0,0,0,0,0,None,0
11000001,21000314,A-C00314,0,0,0,0,0,0,0,0,0,None,0
11000001,21000315,A-C00315,0,0,0,0,0,0,0,0,0,None,0
11000001,21000316,A-C00316,0,0,0,0,0,0,0,0,0,None,0
11000001,21000317,A-C00317,0,0,0,0,0,0,0,0,0,None,0
11000001,21000318,A-C00318,0,0,0,0,0,0,0,0,0,None,0
11000001,21000319,A-C00319,0,0,0,0,0,0,0,0,0,None,0
11000001,21000320,A-C00320,0,0,0,0,0,0,0,0,0,None,0
11000001,21000321,A-C00321,0,0,0,0,0,0,0,0,0,None,0
11000001,21000322,A-C00322,0,0,0,0,0,0,0,0,0,None,0
11000001,21000323,A-C00323,0,0,0,0,0,0,0,0,0,None,0
11000031,21000324,G-C00324,0,0,0,0,0,0,0,0,0,None,0
11000001,21000325,A-C00325,0,0,0,0,0,0,0,0,0,None,0
11000004,21000326,B-C00326,0,0,0,0,0,0,0,0,0,None,0
11000009,21000327,C-C00327,0,0,0,0,0,0,0,0,0,None,0
11000016,21000328,D-C00328,0,0,0,0,0,0,0,0,0,None,0
11000024,21000329,E-C00329,0,0,0,0,0,0,0,0,0,None,0
11000030,21000330,F-C00330,0,0,0,0,0,0,0,0,0,None,0
11000032,21000331,H-C00331,0,0,0,0,0,0,0,0,0,None,0
11000032,21000332,H-C00332,0,0,0,0,0,0,0,0,0,None,0
11000032,21000333,H-C00333,0,0,0,0,0,0,0,0,0,None,0
11000033,21000334,K-C00334,0,0,0,0,0,0,0,0,0,None,0
12000001,22000001,ADC01,0,0,0,0,0,0,0,0,0,None,0
12000001,22000002,ADC02,0,0,0,0,0,0,0,0,0,None,0
12000001,22000003,ADC03,0,0,0,0,0,0,0,0,0,None,0
12000001,22000004,ADC04,0,0,0,0,0,0,0,0,0,None,0
12000001,22000005,ADC05,0,0,0,0,0,0,0,0,0,None,0
12000002,22000006,ADC06,0,0,0,0,0,0,0,0,0,None,0
12000002,22000007,ADC07,0,0,0,0,0,0,0,0,0,None,0
12000002,22000008,ADC08,0,0,0,0,0,0,0,0,0,None,0
12000002,22000009,ADC09,0,0,0,0,0,0,0,0,0,None,0
12000002,22000010,ADC10,0,0,0,0,0,0,0,0,0,None,0
12000003,22000011,ADC11,0,0,0,0,0,0,0,0,0,None,0
12000003,22000012,ADC12,0,0,0,0,0,0,0,0,0,None,0
12000003,22000013,ADC13,0,0,0,0,0,0,0,0,0,None,0
12000003,22000014,ADC14,0,0,0,0,0,0,0,0,0,None,0
12000003,22000015,ADC15,0,0,0,0,0,0,0,0,0,None,0
12000004,22000016,ADC16,0,0,0,0,0,0,0,0,0,None,0
12000004,22000017,ADC17,0,0,0,0,0,0,0,0,0,None,0
12000004,22000018,ADC18,0,0,0,0,0,0,0,0,0,None,0
12000004,22000019,ADC19,0,0,0,0,0,0,0,0,0,None,0
12000004,22000020,ADC20,0,0,0,0,0,0,0,0,0,None,0
12000005,22000021,ADC21,0,0,0,0,0,0,0,0,0,None,0
12000005,22000022,ADC22,0,0,0,0,0,0,0,0,0,None,0
12000005,22000023,ADC23,0,0,0,0,0,0,0,0,0,None,0
12000005,22000024,ADC24,0,0,0,0,0,0,0,0,0,None,0
12000005,22000025,ADC25,0,0,0,0,0,0,0,0,0,None,0
14000001,24000001,VC-001,0,0,0,0,0,0,0,0,0,None,0
14000001,24000002,VC-002,0,0,0,0,0,0,0,0,0,None,0
14000001,24000003,VC-003,0,0,0,0,0,0,0,0,0,None,0
14000001,24000004,VC-004,0,0,0,0,0,0,0,0,0,None,0
14000001,24000005,VC-005,0,0,0,0,0,0,0,0,0,None,0
14000002,24000006,VC-006,0,0,0,0,0,0,0,0,0,None,0
14000002,24000007,VC-007,0,0,0,0,0,0,0,0,0,None,0
14000002,24000008,VC-008,0,0,0,0,0,0,0,0,0,None,0
14000002,24000009,VC-009,0,0,0,0,0,0,0,0,0,None,0
14000002,24000010,VC-010,0,0,0,0,0,0,0,0,0,None,0
14000003,24000011,VC-011,0,0,0,0,0,0,0,0,0,None,0
14000003,24000012,VC-012,0,0,0,0,0,0,0,0,0,None,0
14000003,24000013,VC-013,0,0,0,0,0,0,0,0,0,None,0
14000003,24000014,VC-014,0,0,0,0,0,0,0,0,0,None,0
14000003,24000015,VC-015,0,0,0,0,0,0,0,0,0,None,0
14000004,24000016,VC-016,0,0,0,0,0,0,0,0,0,None,0
14000004,24000017,VC-017,0,0,0,0,0,0,0,0,0,None,0
14000004,24000018,VC-018,0,0,0,0,0,0,0,0,0,None,0
14000004,24000019,VC-019,0,0,0,0,0,0,0,0,0,None,0
14000004,24000020,VC-020,0,0,0,0,0,0,0,0,0,None,0
14000005,24000021,VC-021,0,0,0,0,0,0,0,0,0,None,0
14000005,24000022,VC-022,0,0,0,0,0,0,0,0,0,None,0
14000005,24000023,VC-023,0,0,0,0,0,0,0,0,0,None,0
14000005,24000024,VC-024,0,0,0,0,0,0,0,0,0,None,0
14000005,24000025,VC-025,0,0,0,0,0,0,0,0,0,None,0
19000001,26000001,GPMC-01,0,0,0,0,0,0,0,0,0,None,0
